총점,회사,날짜,별점,요약,장점,단점,경영진에게
2.5,(주)위다스,2021. 11,3점,"""열심히 하면 그만큼 보상을 받을 수 있을 것 같습니다""","업셰으ㅣ 업력이 오래되고 다닐때는 지금은모르겟지만
직원간 유대가 끈끈했습니다",퇴사율이 높아 업무인수임계에 많은 어려움을 겪는 것 같습니다. 인사관리 정비가 필요해보입니다,"경영진은 직원들의 말에도 귀을 귀울여 좋은 사냐문화를
만들어가면 좋을 것 같습니다"
2.5,(주)위다스,2021. 10,2점,"""경영진이 직원의 노고를 알아주지 못하는 기업이며 잔업무가 많다.""",월급 밀리지않고 줌. 중석식대 지급. 칼퇴근. 업무량이 많아 공부하는데엔 도움이 될수도 있음.,출근시간은 8시반인데 퇴근시간은 부서에따라 다름. 명절휴가비 없음. 업무량이 많음.,기업후기들을 경영진도 알고 있으면 회사발전에 도움이 될것같다.
2.5,(주)위다스,2021. 10,3점,"""다양한 직무환경을 경험할 수 있고 업무수행이 가능함""","정시에 출근하고,정시에 퇴근가능함,점심 식대 별도로 지급해줌...",주어진 업무가 많을 수 있으나 효율적으로 일하는 법 배울 수 있음,사원들의 의견도 적극적으로 반영해주기 바람
2.5,(주)위다스,2021. 09,3점,"""무난했습니다. 경력쌓기에 좋습니다. 더 발전하는 회사였음 좋겠습니다.""",열심히 한만큼 보상을 받는 회사인것 같습니다. 다들 열심히 하십쇼,기업문화가 안좋았습니다. 기업문화개선이 필요합니다. 부탁드립니다.,기업문화개선이 필요합니다. 사람이 재산인것 같습니다. 부탁드립니다.
2.5,(주)위다스,2021. 07,3점,"""특판가구회사가 어떤 성격을 가지고 있는지 단편적으로 경험해볼수 있는 곳
이직하기 전에 그 업계가 어떤 성격을 가지고 있는지 빨리, 괴롭게 경험해볼 수 있는 곳""",사무실은 쾌적하고 서울에 있다는 거. 당시 사무실 건물 입점상가에 뭐 사먹을 수 있는 가게 많아서 좋았던 거.,"부서를 합쳤다 나눴다가, 이 팀을 저기에 붙였다 떼었다가... 엄청 이동을 많이 시켰었음. 팀원도 적은데 엄청 세분화시키고 복잡했던 기억. 근데 그것도 길게 유지가 안됨. 자꾸 바뀜.
서랍에 바뀐 부서 이름때문에 새로 판 명함이 계속 쌓임!
경력이 오래된 정치적인 직원들이 기세를 부려 실무직들에 입김이 매우 셌던 것으로 기억함. 신입이나 초년생 직원들이 방향을 잡지 못하고 혼란스러워 했던 것 같음.
회사는 그런 직원들이 역설적이게도 업무적으로는 유능하다고 크게 제재를 가하지도, 강제적인 방향을 설정하지도 않았던 것 같음.
엄청 스트레스를 주면서 일을 시키고 폭압적인 직원들이 많았음.
폭언과 고성이 오가는 분위기 속에 부하 직원을 쥐잡듯 잡는 직원이 있었음.
업무를 두고서 매우 배타적이고 이기적인 직원들이 많음.","회사차원에서 신입 직원들에 힘을 많이 키워줬으면 좋겠음. 교육이라던지... 사원 대리급에 대한 관심이 좀 많이 필요해보임
차장급/부장급 직원들이 기세를 부리는 모습이 있었는데 이에 대해서 견제를 할 수있는 장치나 관심이 필요하지 않나 싶음"
2.5,(주)위다스,2021. 06,1점,"""가구 회사임 회사의 이익이 있어야 직원들이 존재할수있다고 알려주는 엄청난회사 청소와 잦은이사를 직원들이 하며 수시로 자리배치를 함""",직급이 올라갈수로 하는 업무가 줄어들면 간단한 업무조차 아래직원들에게 시킴,화사의 이익을 위해 직원들은 부려먹고 뒤에선 욕하고 헐뜯음,급여인상이라도 좀 해주세요 이사좀 직원들 시키지말아 주세요
2.5,(주)위다스,2021. 04,3점,"""참고 열심히 다닐만합니다. 커리어적인 부분은 별로인것 같습니다.
진입장벽이 낮아 신입 다니기에도 적당합닏나.""","자유로운 직장분위기로 출퇴근에 대해 많은 터치를 하지않고 능력이 있다면 인정받으면서
다닐 수 있는 회사라고 생각합니다.","강압적인 경영진의 마인드가 있어 인내가 부족한 사람은 다니기 힘들 수도 있지만
다니다 보면 능력을 인정해줘서 참고 다닐만합니다.",직원들 의견에 귀귀울였으면 좋겠고 복지에 대해 조금 더 힘쓰면 좋은 회사가 될 것 같습니다.
2.5,(주)위다스,2021. 02,1점,"""야근도많고 직원에 모든걸아낄라하는회사 복지란 1도없다. 야근해도 밥도안줌""",그래도 수평적에가까운 가족같은회사?가 장점이라고해야될까 +정수기있음,복지는 최악 근무여건도 최악 설날은 만원짜리선물 떡값?없음,직원들의 사기를 저하만시키는 오너의 잘못된행태
2.5,(주)위다스,2021. 01,2점,"""군대식 문화, 야근이 많음, 장점은 서울에서 일한다는거 정도입니다.""","점심식사를 지원해줘서, 점심값에 대한 부담이 없음, 야근하면 저녁도 사줌. 커피를 자유롭게 마실수 있습니다. 사무실이 인테리어 회사라서 그런지 깨끗합니다.","쓸데없는 회의가 엄청 많음... 그 회의에서 쓸데없는 일들이 만들어짐... 결국 힘든건 밑에 사람들임... 물론 높은사람도 스트레스 받겠지만, 밑에 사람들에게 스트레스를 품... 계속 있다보면 욕먹을려고 뽑았나 이런 생각까지 들었음...",신입사원을 가지고 장난안쳤으면 좋겠습니다. 텃세가 없고 위계문화가 없었으면 좋겠습니다.
2.5,(주)위다스,2020. 12,3점,"""진짜 가족회사 사촌부터 동생 까지 가족들이 구석구석""",사람들이좋다. 회사에 오래계셨던 분이 거의 없어서 텃세가 없다.,각 부서간의 업무협조가 잘되지 않고 결재라인 간소화가 필요한듯하다.,직원들의 불만을 들어주세요 . 오래된 직원들이 다들 나가는 이유가 있는거같습니다.
2.5,(주)위다스,2020. 12,1점,"""이삿짐센터 경력자들의 이직 기업으로 강추드립니다.""","전형적인 가분수, 가족 회사. 옆자리에 임원 있고 앞자리에 가족 있고 30명도 안되는 사무 인력 중에서 반절이 임원이고 나머지 반절은 가족인 수준. 족보를 탈탈 털어 영혼까지 끌어모아 한 자리씩 앉혀 놓은 것 같음. 마음 만큼은 대기업이라서 대기업 시스템을 따라가려 애쓰지만 뱁새가 황새 쫓다가 가랑이 찢어진다고 복잡한 업무 처리, 불안정한 조직과 같은 부정적인 결과만 낳고 대기업의 단점과 소기업의 단점 그 어딘가를 헤매고 있음. 이들이 대기업을 능가할 수 있는 유일한 것은 임원들 숫자 뿐, 머릿수로 비벼보려는 고도의 전략이 아닌 이상 향후 대기업이 될 가능성은 1도 없어 보임.
앗실수로 장점에 단점을 적었네요. 장점은 주변에 동태탕이 맛있음","8시반부터 일하는데 30분 더 안쳐주고 휴게 시간에 들어감. 머리가 과도하게 커지는 바람에 조직이 매우 불안정해서 팀 이름, 소속, 자리 모든 것이 분기별로 한번씩 바뀜. 이사는 왜 그렇게 자주 가는지 어제 서울에서 일하다가 내일 이사 간다고 통보하면 모레 짐 싸서 이사 가야함. 이사에 센터 따위 부르지 않으며 직원들이 하루 업무 올스탑하고 파티션까지 살뜰하게 떼서 옮기고 조립까지 함. 월급 제때 나오는거 빼면 복지라는건 딱히 없는데 이사까지 해주는걸 보면 직원들이 회사에게 복지를 제공해주는 수준임. 부서간의 업무협조가 더럽게 안되며 이리저리 떠넘기는게 일상이라 결국 떠맡은 부서 하나만 신나게 조져짐.",번창하세요~~아뭘또20자이상적으래할말도없는데
2.5,(주)위다스,2020. 07,3점,"""사회 초년생으로 들어와서 업무를 배우기 좋음 복지는 별로""","사회초년생으로 들어와서 업무를 배우기에 좋음, 사수들이 좋은것이 장점이다","복지는 거의 없다고 생각하면 됨, 성과급은 물론이고, 명절, 연말 상여도 전혀 없음",실무진들의 의견을 듣고 진행했으면 회사가 좀 더 발전했을텐데...
2.5,(주)위다스,2019. 11,1점,"""정말 최악이다.. 절대 들어가지마세요""",장점이라면 그나마 위계 질서가 덜하긴하다.. 이유없이 시비걸지는 않아요.,7시 출근 10시퇴근... 눈치보고 저녁7시 퇴근... 야근이 당연한 회사,퇴근만 일찍하게 해주세요... 쓸데없이 야근시키지마세요.
2.5,(주)위다스,2019. 11,2점,"""경영진이 생각할때는 대기업
실제 흐름은 소기업""","부서별 차이는 있지만 정시 출퇴근.
조금만 노력한다면 쉽게 사내 보직변경이 가능.","보고 절차가 많고 까다로워, 작은 문제가 발생해도 큰문제가 된 이후에 해결.
직원들에 대한 복지가 너무 최악.",직원에 대한 신뢰를 통해 발전하는 기업이 됐으면.
2.5,(주)위다스,2019. 06,5점,"""함께 근무하는 사람들이 좋아 스트레스를 아예 안 받을 수는 없지만 덜 받으며 일할 수 있는 곳. 신입이 일을 배우며 커리어를 쌓기에 좋은 곳.""","사무실 분위기가 수평적이며, 업무 시간에 본인의 업무를 마무리했다면 눈치 보지 않고 칼퇴가 가능하다. 점심 식대가 지원되며, 탕비실에 간식이 상비되어 있다.",입퇴사가 빈번해 직원들이 자주 바뀌는 것 같아 아쉽다.,도서구입비 등 자기계발을 위한 비용이 지원됐으면 좋겠습니다.
2.5,(주)위다스,2019. 06,2점,"""처음들어왔을때부터 일을 시키는데 사람을 압박시킨다. 야근이 필수다. 야근안하면 전화와서 괴롭힌다.""","점심,저녁을 지원해준다. 커피머신기가 있고, 사장님이 잔소리를 안하는 편이다.",사람들이 항상 짜증에 쩔어있다. 화를 내기위해서 회사를 다니는것 같다. 너무 힘들다.,"매일 매일 야근이 필수인데, 일이 없으면 야근을 안시켜 주셨으면 좋겠습니다. 감사합니다."
2.5,(주)위다스,2019. 03,1점,"""야근은 당연, 필요하다면 주말도 일요일도 불사 그에 따른 수당은 X""","수직적인 분위기, 건설업 관련상 갑질을 할수도 받을 수도 있는 영화나 드라마와 다른 생생한 현장감을 느낄 수 있음","압도적 퇴근시간. 낮은 연봉, 놀라운 조직문화, 즐거운 회식, 경영진의 대기업 마인드식 운영",경영진에 바라는 점에 대한 의견은 딱히 없습니다.
2.5,(주)위다스,2018. 12,1점,"""발전 가능성 없는 전형적인 중소기업이다""",야근 식대 지원. 멀티태스커가 되고싶은 사람에게 추천함.,직원 복지에 신경쓰지 않음. 야근을 당연시하는 문화. 여성이라면 커피심부름이 잦다.,직원 복지에 신경써주길 바람. 그 외엔 없음.
2.5,(주)위다스,2018. 11,2점,"""일은 많고 연봉은 적은 전형적인 중소기업
한마디면 충분하다""","사람들과의 관계는 좋은편
신입이 처음 들어와서 일 배우기는 좋다","사람들이 자주 바뀐다
사람들과의 관계는 좋지만 연봉이 너무 짠듯","사소한것 말고 큰 그림을 보고
직원들을 이끌어아 할듯
너무 사소한것만 신경쓰는 느낌이 있다"
2.5,(주)위다스,2018. 11,4점,"""기본적으로 제조회사고 앞으로 발전 가능성이 있는 회사라고 생각함.""",복지가 좋다. 월급이 밀리지 않고 식대가 나오며 야근을 하게 되더라도 식대가 나온다. 타직종에 비교 했을때 급여가 높은 편.,업무가 많다. 업무가 과다하여 주말에 출근해야하는 경우도 있다. 향후 노동법으로 인해 개선되리라 생각된다.,사내에 단합이 잘 안되는거 같다. 단합을 위해 회식이라든지 워크샵 활동이 있었으면 좋겠다.
2.5,(주)위다스,2018. 05,4점,"""임직원들의 마인드가 좋으며 향후 전도유망한 회사입니다.""",복지 및 급여수준이 높고 사내 문화 형성이 잘 되어있습니다.,",중소기업의 특성상 이직이 좀 많은 편입니다. 또한 사람에 공급부족으로 업무량이 조금 많은 편입니다.",",조금 더 직원들의 목소리를 귀기울여 듣는다면 앞으로 가능성이 무궁무진할것 같습니다."
2.5,(주)위다스,2018. 05,2점,"""생산성없이 바쁘기만함....관리가 안됨""","장점은 별로 없지만, 실무를 하는 직원들이 적어, 입사하면 여러가지 일을 많이 하게 되어, 업무 습득이 빠름.","회사 기여에 대한 상여라든지 보상이 전혀 없으며, 경영진(임원)과 직원들과의 방향성 및
목표가 차이가 많이 발생함. 업무 진행이 없이 재자리 걸음임.",자율적으로 일 할 수 있게 했으면 합니다..
2.5,(주)위다스,2018. 04,3점,"""IT 기업으로 KT 중계기를 개발, 양산하는 회사였으면 전도 유망한 회사였음.""","연차, 도서구입비 무료, 소정의 개발 비용 지원, 조요한 사무실 분위기 등으로 자기 개발을 할 수 있었으며, 가족같은 편안한 분위기에서 근무환경은 대체로 무난했음. 좋은 회사로 기억하고 있음","소위 기업의 성장이 유망할 때 전반적인 관리와 회사의 영속성을 꽤하였으나 그 결과가 좋지 못했으며, 한 우물보다는 여러가지 사업에 손 대었던것이 아쉽게 기억으로 남음.",회사에서 근속하며 열심히 일 해왔던 직원보다는 외부에서 낙하산처럼 들어온 굴러온 돌이 더 대우받는 부분에 대한 직원들의 불만이 많았던 것으로 기억함
2.5,(주)위다스,2015. 06,3점,"""코스닥회사로서 체계적인 근무가 가능하였다
사람들이 좋고 서로 의지하며 근무할수 있다""","회사분위기가 좋고 사람들이 너무 좋아요
이것저것 일해볼수 있는 기회가 많아요","창의성과 의욕적 업무분위기가 약하다
매너리즘에 빠지기 쉽다","업무분장을 잘했으면 좋겠당
과도한 업무집중이 분산되도록 조치해주셨으면..."
2.5,(주)위다스,2015. 06,4점,"""큰 뜻을 품었으나 큰 뜻을 펼치기에는 부족한 환경과 프로세스를 지님""","윗사람 눈치 안보고 연차 쓸수 있을 만큼 분위기적으로 강압적이지 않음
이것저것 여러가지를 경험을 해볼수 있음","이것저것 여러가지를 부려먹어 몸으로 때우면서 해야하는 일이 많고, 중소기업이 다 그렇듯이 미친이직률로 인한 몇 안되는 직원 이름 외우기가 벅참","창업이래 뚝심있게 사업을 영위해 오신 내공이 있으시고 경험이 풍부하신 점은 좋으나
그 뚝심으로 제발 조직을 한달에 2번 3번 바꾸는건 좀...."
2.5,(주)위다스,2014. 12,3점,"""이쪽 업계가 많이 침체 되어있으므로 다른 업계를 추천""",정시퇴근이 가능하며회사 주변 편의시설이 잘 발달 되어 있음,회사 매출의 부재로 연봉 거의 동결 상태. 최근 몇년사이 대표자가 수차례 바뀌며 불안한 상태,직원들을 진정으로 생각하는 경영을 하기 바람
날 괴롭힌 삭제된 댓글,(주)위다스,경기,,,,,
날 괴롭힌 삭제된 댓글,(주)위다스,경기,,,,,
날 괴롭힌 삭제된 댓글,(주)위다스,경기,,,,,
날 괴롭힌 삭제된 댓글,(주)위다스,경기,,,,,
1.9,케이피엠테크(주),2022. 09,2점,"""근로자가 열심히 해도 성과가 표시나지않는 그저 그런회사""",연차를 쓰거나 휴가를 쓰는데 눈치안봐도 된다. 회사에서 점심을 주는데 나쁘지 않은 수준이고 직원들이 대부분 성과에 대한 욕심이 없어서 분위기가 빡세지 않다.,열심히 해도 밖으로 표출되는 성과가 한정되어 있기때문에 매너리즘에 빠지기 쉽고 능률이 오르지 않는다.,공장시설이나 매출증대를 위한 획기적인 개혁이 이뤄지지않는 이상 앞으로도 힘들지 않을까 싶음
1.9,케이피엠테크(주),2022. 07,3점,"""일하면서 자기 개발에 힘쓸 수 있음 가족같은 분위기""",연차를 맘대로 쓸 수 있고 식당의 음식이 맛있음 기숙사도 있음,연봉이 적게 오르고 일은 별로 없고 출장 자주 다니게 되고 일하면 힘듬,신규 사업에 힘 써주고 직원들의 불만을 들어줬음 좋겠음
1.9,케이피엠테크(주),2022. 02,2점,"""적은 월급-적은 일로 여유롭게 시간 보내며 다닐 수 있는 회사""",연차 쓰는데에 제약이 없고 자유롭다. 일이 많지 않아서 버겁다는 느낌을 잘 받지 않음,체계가 없고 주먹구구식이다. 연봉이 많이 낮다. 일이 많지 않으니 연봉 낮은거는 어느정도 수렴 가능하다,나아갈 수 있는 방향으로 시야를 넓혀주면 좋겠다.
1.9,케이피엠테크(주),2021. 11,2점,"""매우 좋은 회사입니다 다니기 좋아요 생각없이 다녀도 안짤려요 쵝오""",역에서 가깝습니다 출퇴근이 편합니다 퇴근이 빨라서 좋습니다만세,"급여가 낮다고 합니다 연봉인상이 안된다고 합니다
매출이 늘지않는다고 합니다 아쉽습니다",신규 사업 추진에 힘써주시고 연봉 올려주세요 화이팅 으쌰으쌰
1.9,케이피엠테크(주),2021. 11,2점,"""워라벨이 좋다. (부서의 단합력, 정시퇴근, 수평적인 직급 체계)
정시 퇴근 꿀""","상장회사, 주식으로 돈을 벌 수 있다.
점심식사 보장 및 맛이 좋아요
칼같은 원급 날짜","동종 업계 대비 낮은 연봉, 잦은 회의 (업무보다는 회의가 우선)",동종 업계 대비하여 비슷한 연봉 수준 원함
1.9,케이피엠테크(주),2021. 09,2점,"""급여를 많이 안 따지면 아무생각없이 칼퇴하며 다닐 수 있는 회사""","1. 구내식당이 있음
2. 주차장자리가 있음
3. 다같이 칼퇴하는 분위기",몇몇 이상한 사람이 있으나 대부분은 괜찮습니다. 급여가 낮은편입니다. 단점도 딱히 없네요. 그나마 꼽자면 발전의 가능성이 안보인다정도입니다.,딱히 없습니다. 항상 응원하겠습니다.
1.9,케이피엠테크(주),2021. 06,1점,"""회사가 어려움, 직원을 챙길수없음, 직원이 나감 회사를 이끌 사람이없음. 회사 매출 하락
반복되는 악순환""","자유로운연차사용
정시출퇴근가능
터치하는 사람이 많지않음
지하철역에서 도보로이동가능","회사시설이 열악함
회사 매출이 좋지않아서 자연스럽게 연봉동결
뭐로돈버는지 알수없는회사
임금 지연이있었다고함","직원을 먼저 생각하고 챙겨주길
상황이 안좋으면 놀고먹는인원 치우고 열심히일하는 직원을 더챙기는게 낫지않나..."
1.9,케이피엠테크(주),2021. 05,1점,"""복지전무
성장가능성제로
그냥 미래가 없어 보이는 회사""","개인주의인 사람은 마이웨이가가능
샌드위치 연휴의 경우 연차사용독려
안쓰고싶으면 안써도됐음","거의 대부분이 단점인데..
시설도 노후화됐고
복지도없고
예전이지만 월급이 밀렸던적도 있다고함
나 있을때도 연봉협상따위없었음","그냥... 별생각없음
번창하셔서 직원들 월급좀 올려주세요"
1.9,케이피엠테크(주),2021. 03,1점,"""친목질의 끝판왕 새사람은 안받아 없는 사람, 여기가 회사인지 학교인지""",밥 맛있다 그것 말고는 정말로 하나도 없다 없어....,함께 일하려고 온거지 세력 싸움하고 사람 배척하는게 회사냐 일이 좋고 회사가 좋으면 뭐하냐 사람이 안좋은데,그냥 이대로만 이끌어 가 주세요 제발 부탁드려요 회사 어떻게 변하는지 궁금하네요
1.9,케이피엠테크(주),2021. 03,1점,"""친목 회사 새로운 시람을 안받아드림, 일하러 회사를 온건지 학교를 온건지..""","밥은 맛있다, 그외에 생각나는게 전혀 없다.......","엄청 많다, 회사가 좋으면 뭐하냐 일이 좋으면 뭐하냐 사람이 안좋은데 그냥 입사하지 마세요.","회사 분위기를 좀 보세요, 어떻게 돌아가는지 유심히 보세요."
1.9,케이피엠테크(주),2021. 01,1점,"""하루살이가 생각나는 회사....직원들이 안타까운 회사..""","수평적이다 , 연차를 자유롭게 쓸 수 있다. 구내식당이 있다",재무가 불안정하다. 시설이 노후됐다. 연봉이 낮다 (재직 당시),좀 더 나아지는 경영진이 됐기를..몇 달 전 주식은 난리났던데 조금 더 안정적이고 직원들에게 베푸는 경영진이 되길
1.9,케이피엠테크(주),2020. 12,1점,"""쓰레기 중 쓰레기 회사 절대 추천 안하고 싶은 회사 게임 좋아하고 인생 답없는 사람한테 추천 하기 좋은 회사""","장점 빠른 칼퇴가능(부서별 차이) 일하는 사람만 매일 야근, 일 못하거나 게임만 하는새키들은 칼퇴잘함 제발 대표가 봐주길",정말 일하는 사람만 하고 일 안하는 사람 비율 1:9 임....고졸로 팀장을 가서 사업계획서를 왜쓰냐고 말하는 사람이 있음 근데 모임이 많은 사람들이 힘이 크기때문에 회사의 발전이 1%없음 위에서는 그모임에 있는 사람들많을 많이 듣는거 같음,제발 고인물을 처내야 회사가 발전합니다. 제발 글을 보고 피의칼을 들어주세요.
1.9,케이피엠테크(주),2020. 02,3점,"""금융업 퇴직후 근무한 도금 업체로 업계에서 상위권에 속하는 회사였다. 새로운 분야의 산업에 대해 알 수 있어 유익한 근무 경험이었다.""",도금 업계중 상위에 랭크되는 회사로서 근무 분위기가 좋고 자유로워서 근무환경이 좋았다,"회사의 자금사정이 어려위 대금걸제나 금융권 상환이 지연되는데도 오너(회장)의 씀씀이는 변함이 없었다. 당연히 직원 복지나 후생제도는
악화되었다.","회사 정상화에 대한 오너의 인식이 개선되고 좀 더 철저한 관리로
회사 기술을 충분히 활용해 한 단계 도약하는 기업이 되었으면 합니다."
1.9,케이피엠테크(주),2019. 08,1점,"""주먹구구식의 회사
몇년째 동결된 연봉
그냥 놀기는 아쉽고 빡쎄게 일하기는 싫으면가세요""","정시출퇴근가능
점심 제공
월루가능
솔직히 어떤 장점이 있는지 모르겠음
생각없이 다니기 좋음","보고체계가 수시로 바뀜.
주먹구구식 운영
야근비용없음.
적은연봉
일하는 사람만 일함
복지전무","연봉의 현실화
필요없는 인원은 자르고 고생하는 직원은 챙겨줘야 떠나는 사람이 없을듯"
1.9,케이피엠테크(주),2019. 06,2점,"""오래된 기업이란 느낌이 많이 들었고, 관리는 별로 잘 안되는 느낌이 였음.""","잔업/특근에 대한 수당을 제대로 쳐주었고, 힘들긴 했지만 출장 복귀후에는 휴식시간을 갖도록 업부강도를 줄여주었","출장이 많았으며 출장가면 업무강도가 너무 높았고, 힘든데 대비해 받는것도 적었고 차별이 있는것 같았음.","상벌에 대한 체제를 정립하였으면 좋겠고, 특히 직원차별을 없앴으면 하는 바램"
1.9,케이피엠테크(주),2019. 05,1점,"""국내에는 희소성 있는 기술분야 이지만 그들만의 리그라는 생각이 큼.""",독신자 기숙사 제공과 일본어 습득을 독려하는 분위기임.,현장 기술자들의 입김이 크고 텃새감 심한편임.패밀리컴퍼니성격이 강함.,벤치마킹도 좋지만 자체 신기술 개발과 R&D투자를 적극으로 했으면 좋겠음.
1.9,케이피엠테크(주),2019. 01,3점,"""참으로 아쉬운 회사이다 잘나갈거라 생각했지만 이렇게 될줄이야 너무아쉽다.""",잘될꺼야 잘될꺼야 한지가 이렇게 되버린순간 모든이에게 기쁜도주고 슬픔도 준 회사라고 생각한다 잘될거야 앞으로도 잘되야지라고 생각한다.,전반적으로 단점은 크게 없다 하지만 장점도 없다는게 문제이다 그부분이 참으로 아쉬운 바람이다 단점을 드러낼정도로 무언가에 열중하였으면 한다.,직원들의 동기부여 및 생산 과정 실패과정에 대하여 눈대중이 아니라 정성으로 다가가야 한다.
1.9,케이피엠테크(주),2018. 11,3점,"""도금 경력 쌓기에 좋은회사 거부감 없이 일을 잘 갈켜준다
업무강도는 개인 능력에 따라 다름""",출 퇴근 시간이 여유롭다 자기 스케쥴을자신이 짜기 때문에 워라벨이 좋음,"연봉이 적다.. 동종 기업 비교해도 과장이하 직급은 적은편
차기일을 자기가 찾지 않으면 할게 없을수도...",사원들의 사기 진작을 많이 시켜주세요! 회사에 애사심은 많지만 현실적인 문제로 떠나는 사람이 많아 보입니다
1.9,케이피엠테크(주),2018. 07,3점,"""출퇴근 편하고 연차에 눈치 없음
아주 아주 편허게 다닐수 있음""","업무외에 터치가 없음
퇴근시간이 빠름 .대표가 회사가 많아서 망할일이 없음
아주아즈 좋은회사","고인물들이 많음
부서산 협력이 매우 힘들고 사업본부별 고인물들 때문에
일 진전이 안도는 경우가 있음음","월급대비 일안하는 사람이 많음
더욱더 주식에 매진하셔서 더 월급을 많이 주셔요"
1.9,케이피엠테크(주),2018. 03,2점,"""장기 근속할수록 한숨만 늘어나는 회사.""","1. 역세권
2. 다양한 취미 활동 보장 (근무 시간 중 동영상 시청 & 스마트폰 게임,주식 및 SNS 가능)
3. 전직원의 정시 퇴근 문화","1. 일이많아 바쁘기 보다는 사람이 없어 바쁨.
2. 티내기식 업무 진행,보고가 많아 실질 적인
발전은 더딤.
3. 부서,직급을 막론한 근무 기강 해이.
실적 부진에 따른 처우 동결과 구성원들의
불만이 악순환.
4. 표면처리 회사지만 표면만 그러해 보임.",동요하는 직원들 설득하는 레퍼토리의 변화가 필요합니다.'올해만 버티면 흑자 '스토리는 이제 좀...
1.9,케이피엠테크(주),2018. 03,2점,"""생각없이 다니기는 좋은 회사.
마이웨이가 가능함""","정시출근정시퇴근이 자유로움.
개인적인 성향이라면 잘맞을듯한 분위기
휴일 잘쉼.
징검다리 연휴때도 눈치없이 연차사용할수있음","연구에 대한 기초지식이 없음.
황산니켈,황산구리등을 다루는데 안전화도 안사줌.
분석기기, 연구개발을 위한 물품구매에 있어서 소극적
일하는 사람만 일하는분위기.
일주일을 결근해도 아무 상관없는 사람이 있는가하면 반차를 써도 업무지장이 있는 사람이 있음
하루종일 일하는 사람과 게임하는 사람이 공존함
연봉이 굉장히 적음.
올해도 동결이라는 소리들림","안전에 좀 신경써주길
적자난다고 연구개발에 필요한 물품, 기기수리를 미룰게 아니라 일안하는 인간 자르길"
1.9,케이피엠테크(주),2018. 02,2점,"""직원중 열심히 하는 사람만 일하는 중소기업""","퇴근시간이 상당히 잘지켜지며 임금은 낮은 회사
가정 및 취미생활에 충실할수있음",복지는 없음 업무 능력은 크게 필요없음 전반적으로 개인 업모만 잘하며 크게 문제 없는 그냥저냥한회사,적극적인 직원관리와 앞으로 미래 먹거리 창출을위한노력이 필요함
1.9,케이피엠테크(주),2018. 02,1점,"""설계가 현장설치까지 커버해야 되기에 피곤한 회사
패밀리컴퍼니라 경직된 회사분위기""","신입은 단기 속성 기술습득
경력입사는 발벗고 말리고 싶음","나이많은 꼰대들이 많고 군대식문화 존재
건물도 귀신나올 수준이고 공단 특성상 악취가남","독자적 상생 노력좀 했으면 함
권의의식은 좀 내려놓고 자율적인 회사문화가 되길"
1.9,케이피엠테크(주),2017. 08,2점,"""오래다닐수있는 회사지만 새로운 발전이 없음
역세권이라 좋은 위치에 있음""","역세권 근처라 출퇴근이 편하며
근무자들이 오래다닌 사람이
많음 점심식대 제공 회식등 사내 분위기는 좋음
출퇴근시간이 좋음","일이 수동적임 매달 체계가 바뀜 결재라인이나 부서별이동
때때로 야근이 있음
여직원들이 직원수에 비해 작아
휴식공간이 부족함","합리적인 회사내 시스템이
발전되길바라며 군대적인
문화보단 힘들겠지만 직원들 마음에 귀를 기우려 주길"
1.9,케이피엠테크(주),2017. 01,3점,"""자기시간을 충분히 가질 수 있지만 복지는 최악인 회사""","자기시간이 많아 자기공부를 업무시간에 할 수 있고, 자유로운 업무분위기로 업무의 어려움은 없다.
큰 욕심 없으면 다니기 좋은 회사","실제로 필요한 복지는 없음. 연차수당 받으려면 퇴사해야함.
업무량이 적다보니 연봉도 낮게 책정되어있고 회사 규모에 비해 직급이나 업무의 체계가 잡혀있지 않음",장기근속자에 대한 배려가 필요한 듯 함. 장기근속자들을 당연히 여기기 때문에 사람들의 근무태도가 나태해 지는 듯 함.
1.9,케이피엠테크(주),2016. 12,1점,"""엄격한 잣대가 없어 자유로운 회사 분위기로 아무 생각 없이 다니기에는 좋은 회사이나,
경영진의 직원을 부품도 아닌 소모품으로 보는 마인드로 인해 발전이 없는 회사.""","엄격한 잣대가 없어, 미혼인 사람은 부담이 없이 다닐 수 있는 회사 분위기.
도금 약품, 도금 장비의 국내 선도 기업.","노동의 정당한 대가(연봉/근무시간 외 수당/진급)를 받지 못하기에, 기혼인 사람은 부담감을 가지고 다녀야 하는 회사.
회사에 충성을 다하는 사람은 대우를 해주지 않고, 퇴사 후 재입사시 대우를 해주는 회사.
회사가 어려운 시기에 연봉 동결, 연봉 삭감 등을 한 것은 이해가 되나 그에 따른 보상이 전무했음.","노동에 대한 정당한 대가(연봉/근무시간 외 수당/진급)를 지불하지 않는 한, 경쟁사에 비해 도태 될 수 밖에 없음.
도금 약품/장비의 사관학교가 된 배경에는 정당한 대가가 이루어지지 않고 직원을 소모품으로 보는 경영진의 마음가짐에서 생긴 것이라고 개인적으로 생각 됨.
경쟁사 좋은 일만 시키지 말고 회사 내 직원들이 충성을 다할 수 있도록 노력해서 업계 선도 기업으로써의 명성을 유지 할 수 있기를 바람."
1.9,케이피엠테크(주),2016. 06,3점,"""적당한 업무와 자기 개발하면서 다닐 수 있는 적당한 회사
다른 중고기업과 유사한 연봉""","기술 개발하기 위한 조건이 갖추어져있음
연구 영업 장비 및 다양한 종목이 공존함","영업이 약함 전체적으로 영업 분위기가 활성화되지 못함
업무 진행에 느슨해 지는 단점이 있음","적극적인 경영이 필요함
직원들의 업무 진행에 동기부여가"
1.9,케이피엠테크(주),2015. 10,2점,"""오래된 역사와 경험을 가지고 있고, 도금설비와 약품을 동시에 판매하는 회사""","오래된 도금역사와 약품의 국산화, 도금설비와 도금약품을 동시에 판매",관리자급이 너무 많은 역피라미드구조 사원이 제대로 진급하기는 어려움. 월급이 밀린경험이 있음. 경영진의 나태함과 영업부진. 결정적으로 회사복지가 좋지않고 돈이없음.,"직원이 곧 훌륭한 자원입니다. 직원을 최우선시 하시고, 임원분들이 솔선수범하셔야 직원들도 정신차리고 따라간다고 생각합니다. 직원들에게 항상 뭐라하시지 말고 힘내자고 한마디만 해주셨으면 좋겠습니다."
1.9,케이피엠테크(주),2014. 04,2점,"""기대치에 못 미치는 회사""",업무의 자율성,업무 강도에 비해 낮은 보수,월급을 좀 더 밀리지말고 주셨으면
날 괴롭힌 삭제된 댓글,케이피엠테크(주),경기,,,,,
2.2,에스비엠(주),2021. 07,4점,"""비록 지금은 폐업했지만 괜찮았던 회사,""","사업초창기 멤버들이 팀장급들로 포지셔닝 하면서 업무 협력도 및 단합력 우수,
팀간에 큰 갈등은 없는편,","어쩔수 없이 점점 레드오션으로 가는 산업품목으로,
경영진이 좋을때만 생각하며 운영방침과 비전을 설정하니,
갈 수 없는 길로 몰아붙임에서 오는 피로도.","앞선 경영진의 실패사례 누적에 대한 데이미 복그전
결과론적으로 보면 특허건 분쟁에 대한 안일한 대응이 폐업의 직접적인 원인."
2.2,에스비엠(주),2021. 06,2점,"""- 한때나마 긍정적이었지만 지금은 쇠락의 길로....""","- 업계에서 나쁘지 않은 인지도와 수출위주의 매출
- 젊은 직원들","- 신규 고객처에 확보의 어려움
- 아이템의 한계
- 직원들의 잦은 교체",- 안정적인 매출 구조 형성 및 직원들에게 비전을 제시해주세요
2.2,에스비엠(주),2021. 03,1점,"""사앙산업이라 미래전망이 어두우며 지속적인 매출감소로 고전중임.""",칼퇴근 가능하며 연차는 원하는날에 쓸수있음. 제안제도로 포상받을수 있음.,현재 미국 특허소송으로 인해 폐업 위기에 있으며 직원들이 많이 나간상태임.,경영진들이 직원들 마음을 잘 어루만져줄 필요가있음. 여러문제로 많이 다운된 상태임.
2.2,에스비엠(주),2021. 02,3점,"""목적없이 물 흐르듯 흘러가는곳
이력서 경력에 아무것도 없다면 그래도 한번쯤 가볼만 한 곳""","영업팀 빼고는 대부분 퇴근시간이 일정한거같다
물론 야근 특근이 없다곤 하진 못하지만 대부분은 근무시간은 잘 지켜줬다
적어도 내가 근무했던 팀들은 다 사이가 좋았다","일의 흐름이 대부분 줏대없이 흘러가는거같다
복지는.. 없다고 보면되는거같다
팀별로 분위기가 너무 극적이다
팀에 허수아비같은 인물들이 있다
입사시기와 퇴사시기에 연봉변화 없음","사실 경영진이랍시고 몇명 없어서 누구에게 무슨말을 해야할지 몰랐었고
그냥 일이 들어오면 그것만 잘 해쳐나가는 구조인거같아서 시키는대로만 했었지만
굳이 따지자면 화이팅 하자며 이상한 문화 안만들었으면 좋겠다"
2.2,에스비엠(주),2019. 05,1점,"""워라밸 높음. 급여 업계 최하위 수준. 복지는 거의 없고 점심도 본인 돈으로 사먹음""",워라밸 높음. 1년동안 야근 1번도 안 하는 직원이 대부분. 연차 눈치 없이 사용 가능. 나름 자유로운 업무 환경,"연봉 업계 최하위. 몇년째 연봉 인상률 0%에 가까움. 계수기 산업의 미래가 밝지 않음. 점심, 회식 복지 없음. 대부분 사람들 도시락 싸와서 먹음",동종업계 급여체계를 알아볼필요가 있다. 인재를 중시하지 않는 경영의 미래는 밝지 않아 보임.
2.2,에스비엠(주),2016. 11,2점,"""기업자체가 소송대응 안일, 경영판단 미스로 경영악화로 인해
현재는 사라진것으로 안다""","연차를 눈치안보고 사용 할 수 있다.
퇴근을 특별한 일이 있지 않는 한 칼퇴할 수 있다.
누구도 터치하지않음.","자기 실력을 쌓을 기회가 너무나 부족함
이것 저것 건드려보다가 접는경우가 너무 많다.","실무진의 의견을 다양하게 수렴하였으면 한다.
경영진이 좋아하는 직원의 말만 너무 신뢰함"
2.2,에스비엠(주),2016. 03,2점,"""점점 안 좋아지는 경영 상태로 인해 점점 직원들의 의욕이 떨어지는 회사""","연차 눈치 전혀 보지 않아도 됨.
심지어는 15일(3주) 연속에 무급 휴가도 가능. 칼퇴 항시 가능.
수평적 관계로 팀원의 의견이 팀장에게 잘 수렴됨","소송 건으로 인한 부채.
세계적으로 현금을 점차 안쓰는 분위기가 되어가며 사양 산업이 되는 것은 아닐까 하는 걱정됨.","직원들의 의욕 상실만큼 큰 문제는 없어 보입니다.
의욕이 상실되니 하라는 것만 하게 되고 능동적으로 하고 싶은 것을 하지 않게 되어
악순환이 반복되는 듯 싶습니다."
2.2,에스비엠(주),2016. 02,2점,"""예전에는 영업이익이 꽤나는 알짜배기 기업이었으나..현재는 경영악화로 힘듬""",특정부서를 제외하면 근무강도가 적당하여 퇴근후 여가시간을 보낼수있음,"신입과 경력의 연봉차이가 별로없으며, 복리후생이 점점 안좋아짐",직원들 얘기에 귀기울여 줬으면하며..업무분배가 특정팀에 몰리지않도록 효율적으로 분담되었으면 합니다
2.2,에스비엠(주),2015. 12,1점,"""자꾸 헛다리와 몇 템포 느린 대응, 개발, 런칭시기.
방만경영과 독단, 아집, 실무자의견에 귀막음""","원천기술보유, 업계 내 오랜기간 생존으로 네임밸류 있음.","독단적이며 불합리한 인사고과, 실적, 업적 인정 박함.
방만경영으로 적재적소 투자보단 헛다리, 줄줄 새는 인건비 및 자금운용, 회장님의 현 경영진에 대해 과도한 관용으로 전방위적, 총체적 경영난국. 낮은 연봉과 복지, 각종수당, 식비, 보너스, 휴가비, 선물비 없음","실무진의 충언을 가벼이 여기지 마시고, 인원을 적재적소에 추가, 감축배치하시오며, 복지나 급여등과 사원이 맘 편히 일할 분위기, 열심히 충실한 자에 대한 사기진작을 최고로 고려부탁드립니다. 쓸데없는 지출을 줄이고 필요한 곳에 투자, 지원 바랍니다"
2.2,에스비엠(주),2015. 08,1점,"""처음에는 장점이 많은 회사였지만, 점점 단점이 많아지는 회사...
경영진의 독단이 점점 심해짐...억대 특허 소송등.으로 경영이 좋지 않다.""","매주 금요일마다 다과회가 있었으나 업무에 지장을 준다는 이유로 1달에 한번으로 축소되고, 휴가를 자유롭게 사용할 수는 있지만, 몇몇 팀장들은 눈치를 줌...참! 복장만은 프리함...","어떤 팀은 편애가 심하고, 인사고과도 일 잘하는 사람보다 좋아하는 사람에게 후하게 줌. ..
연봉 이이신청은 받아 들여지지 않는다...",바라는 것을 적어도 잘 반영이 되지않아 얘기하고 싶지 않다.
2.2,에스비엠(주),2014. 12,5점,"BEST
""선진국 업체들이 장악하고 있는 위조지폐감별기, 정사기 (헌돈, 새돈 분류기) 분야의 신흥 강자임.
5년 연속 종업원 1인당 영업이익 1억원 이상을 달성할 정도로 수익성이 좋음.
개인의 발전에 대해서 지원을 많이 하나, 반면 개인의 책임도 강조함.
아이디어가 많은 영업이나 엔지니어에게 좋은 기회를 제공할 것임.""","경영진이 독단적으로 결정하기보다는 직원들의 말을 귀담아 듣고 합리적 결정을 내리려 많이 노력함.
직원들 사이의 대화를 많이 권장하고 지원함.
금요일마다 맥주 파티 (?), 다과회를 열어, 회사 현황을 공유하는 자리를 가짐.

사소할 수도 있지만, 휴가 쓰는 것에 대해서 자유로움.
영업의 경우 출장 기회 많음.",출퇴근이 flexible 하지 않음. 9 to 6 엄격함. 단 야근을 권장하지는 않음.,"사람도 많이 늘어서 자리가 좁은 데, 언제 이사할건지 -_-;;"
날 괴롭힌 삭제된 댓글,에스비엠(주),경기,,,,,
날 괴롭힌 삭제된 댓글,에스비엠(주),경기,,,,,
날 괴롭힌 삭제된 댓글,에스비엠(주),경기,,,,,
날 괴롭힌 삭제된 댓글,에스비엠(주),경기,,,,,
1.3,모린스코퍼레이션(주),2022. 08,1점,"""여러모로 힘든 작업을 하는 곳, 작업환경도 안전하다 말하기 어려움.""",중식과 석식을 제공해준다는 점이 가장 큰 장점이라고 생각된다.,작업환경부터 시작해서 여러가지 단점이 있어 말하기 어렵다.,적극적인 투자를 통해 제조 환경이 개선되길 바랍니다.
1.3,모린스코퍼레이션(주),2022. 08,1점,"""영천에 있는 유리섬유 보온재회사 선박이나 플랜트에 납품한다.""",국내에서 보기 드물게 유리섬유 보온재를 다루는 회사이다. 이 것 외에는 크게 장점을 잘 모르겠다.,작업관계자들 모두가 안전보건자료를 참고하지 않는듯하다. 다른 부서 사람들도 마찬가지라고 본다.,경영진과 대화한 기억이 별로 없어 어떤 생각을 가지고 있는지는 모르겠는데 경기도 힘든데 힘내시길 바랍니다.
1.3,모린스코퍼레이션(주),2022. 08,2점,"""생산직에 근무했는데 근무 환경이 열악하고 복지도 좋지 못해 오래 일할 회사는 아닌 것다.""",주간 근무는 7.5시간이라 비교적 일찍 퇴근함. 그 외에는 딱히 장점이 보이지 않는다.,"현장직과 사무직 간 차별 심함, 생산직 근무환경 열악, 야간 근무가 14.5시간으로 너무 길어 자기 생활이 없다.",현장직 근무자한테 잘 좀 해줬으면 좋겠다
날 괴롭힌 삭제된 댓글,모린스코퍼레이션(주),2022. 08,,,,,
날 괴롭힌 삭제된 댓글,모린스코퍼레이션(주),2022. 08,,,,,
2.1,와이즈파워(주),2021. 12,2점,"""나름 신기술 과 합병등으로 키우려는 모습이 보인 회사로 생각됨""",식권을 통한 구내식당이용가능 했으며 교통편 불편하지않음,부서마다 틀리겠지만 직원을 매우 힘들게 했음. 상위회사눈치도많이본.,항상 노력하는모습은 좋았지만 직원들 각각의 부분도 신경썼더랑션
2.1,와이즈파워(주),2021. 01,1점,"""베터리 생산 중단으로 매출이 하락함. 자체 모델 개발도..,""",시간 자유로움. 전철에서 가까움. 사람들이 좋음. 그냥 그게 끝임,딱히 단점은 없다. 일이 없어서 크게 사람들하고 얼굴 붉힐것도 없고 그냥 다니다보면 경력은 쌓이지만 나오면 할게 없음,어떠한 회사로 꾸려갈 것인지 모르겠더라고요. 회사에 비젼을 보여주세요
2.1,와이즈파워(주),2020. 12,2점,"""인수합병으로 커진회사였지만 현재는 크게 힘들어진 회사로 알고있음""",식대를 식권으로 주면서 편하게먹을 수 있었던것 같음 .,"직원들의 배려심이 작고 이용만해먹으려는게 강했음.
한번 눈에 띄면 크게 당함","직원들의 대해 생각해보신적이 있었는지 몰르겠네요
지금은 대표가 바뀌어있는듯 한데 다시 잘 살려주었으면 함"
2.1,와이즈파워(주),2019. 12,1점,"""M&A로 커졌던 회사로써 배터리와 무선사업. 그리고 엘이디로 잘나갔던 기업""",엠엔에이를 통해 꽤 성장했던 코스닥 회사로 열심히 발전하려 노력하였음,"너무 큰 욕심과 직원에 대한 처우가 부족하였고, 사내 문화가 좋지않았음",직원들의 불만들을 알아주었더라면 좋았을걸..
2.1,와이즈파워(주),2019. 12,3점,"""휴대폰 베터리로 성장한 회사.
새로운 분야에 도전을 하는 회사""","업무분위기가 편안하고 일하기 좋다
직원간 협업이 잘되고 소통이 되는 분위기이다","새로운 도전에 추진력은 있으나 마무리가 아쉽다.
제품 홍보에 힘을 실어 판매량을 올려야 한다.","일보다는 주식 관련 업무가 주가 되어서 안되겠다.
일이 우선이 되어 일하는 회사가 되었으면 좋겠다"
2.1,와이즈파워(주),2016. 07,3점,"""가족같은 분위기의 회사, 자율성을 보장 받을수 있는 회사""",동종 업계에서는 상위권에 속해있는 회사. 미래를 보고 투자를 아끼지 않고 지원하는 회사,사공이 많이 가끔 산으로 가는 문제점. 생산에 대한 관리가 필요함,미래에 대한 투자를 하는 좋은 회사이나 기획력 과 추진력이 조금 아쉽습니다
2.1,와이즈파워(주),서울,3점,"""가족같은 분위기 이지만 연봉이 짜고 칼퇴 없음""",사원간의 분위기가 좋고 업무 강도가 수월한 편이다.,"중소기업 수준의 연봉이고, 국내에서의 생산 비중을 줄이는 추세. 스스로 큰 업무를 맡기는 어렵다.",공정에서 발생하는 불량을 줄이는데 신경쓰면 코스트 많이 줄이실 수 있을듯
날 괴롭힌 삭제된 댓글,와이즈파워(주),서울,,,,,
날 괴롭힌 삭제된 댓글,와이즈파워(주),서울,,,,,
날 괴롭힌 삭제된 댓글,와이즈파워(주),서울,,,,,
2.4,휴림로봇(주),2022. 09,2점,"""보람차게 일할수 있고 커리어를 채울수 있음""",안정적으로 운영되고 있음지속적으로 성장하고 있음.....,비효율적인 업무가 많고 연봉인상이 높지 않음...보다 체계를 가질길...,보다 큰회사로 운영해 주셨으면 좋겠습니다....
2.4,휴림로봇(주),2022. 06,3점,"""분명 개발자가 일하기는 좋은데, 다른 부서는 일을 하는 사람만 일합니다.
일을 열심히 하는 사람과 맨날 대충하고 칼퇴하는 사람과 급여와 처우가 같으니 자괴감 마저 듭니다.""","개발자는 개발에만 집중할 수 있습니다.
출퇴근, 연차사용이 자유롭습니다.","일을 하는 사람이나 안하는 사람이나 직급이 같으면 연봉은 같습니다. 급여가 테이블 제도입니다.
인사평가를 정말 하는지 의구심이 듭니다. 일하는 놈이나 안하는 놈이나, 성과가 있는 놈이나 없는 놈이나 급여 인상률은 같습니다.
급여가 동종 업계에서 제일 낮습니다.","일 잘하는 놈, 일 못하는 놈, 일 안하는 놈 구분좀 하고 인사평가 좀 제대로 해서 열심히 일하는 직원들 자괴감이 안오게 해주세요. 월급 루팡들 정리좀 하고요."
2.4,휴림로봇(주),2022. 05,2점,"""회사이름이 너무 자주 바뀝니다(다사,동부,dst,휴림)

고인물들의 텃세가 심하지만 업무관련하여 지식은 많이 습득하였습니다""","준수한 연봉
초년생들이 업무습득하기 좋음
회사퇴근 후 여가생활이 좋음","연차 쓸때 눈치가 보임
기존 입사자들 텃세
일을 하는사람만 함","합리적인 업무체계가 정립 되었으면 좋겠다
부서간의 의사소통이 잘 될수있도록 관리가 필요함"
2.4,휴림로봇(주),2022. 04,1점,"""별 한개도 아까우며 왜 다녀야 할지 의구심이 드는 회사..""",부서 따라다르지만 연차 하나 맘 놓고 쓸수 있음 그게다임,미래 불확실 고인물 넘침 서로 일 떠넘기기 아무도 스스로 안함,제발 눈치껏 주변 기업이라도 따라 하던가 제발 이상한 사업좀 하지말아주세요
2.4,휴림로봇(주),2022. 02,1점,"""별 한개밖에 못준다는데 아쉬울정도로 전망이 없는 회사
절대 누구에게도 추천 하고 싶지 않아요""",연차는 눈치 안보고 쓸수 있는거 그거 말고는 …? 그나마 밥??,고여있고 업계에서 도태되어가고 있는 회사 이고 미래 답이 없음,제발 사람좀 봐가면서 채용 하고 놀고 있는 사람들좀 쳐내세요
2.4,휴림로봇(주),2022. 09,2점,"""보람차게 일할수 있고 커리어를 채울수 있음""",안정적으로 운영되고 있음지속적으로 성장하고 있음.....,비효율적인 업무가 많고 연봉인상이 높지 않음...보다 체계를 가질길...,보다 큰회사로 운영해 주셨으면 좋겠습니다....
2.4,휴림로봇(주),2022. 06,3점,"""분명 개발자가 일하기는 좋은데, 다른 부서는 일을 하는 사람만 일합니다.
일을 열심히 하는 사람과 맨날 대충하고 칼퇴하는 사람과 급여와 처우가 같으니 자괴감 마저 듭니다.""","개발자는 개발에만 집중할 수 있습니다.
출퇴근, 연차사용이 자유롭습니다.","일을 하는 사람이나 안하는 사람이나 직급이 같으면 연봉은 같습니다. 급여가 테이블 제도입니다.
인사평가를 정말 하는지 의구심이 듭니다. 일하는 놈이나 안하는 놈이나, 성과가 있는 놈이나 없는 놈이나 급여 인상률은 같습니다.
급여가 동종 업계에서 제일 낮습니다.","일 잘하는 놈, 일 못하는 놈, 일 안하는 놈 구분좀 하고 인사평가 좀 제대로 해서 열심히 일하는 직원들 자괴감이 안오게 해주세요. 월급 루팡들 정리좀 하고요."
2.4,휴림로봇(주),2022. 05,2점,"""회사이름이 너무 자주 바뀝니다(다사,동부,dst,휴림)

고인물들의 텃세가 심하지만 업무관련하여 지식은 많이 습득하였습니다""","준수한 연봉
초년생들이 업무습득하기 좋음
회사퇴근 후 여가생활이 좋음","연차 쓸때 눈치가 보임
기존 입사자들 텃세
일을 하는사람만 함","합리적인 업무체계가 정립 되었으면 좋겠다
부서간의 의사소통이 잘 될수있도록 관리가 필요함"
2.4,휴림로봇(주),2022. 04,1점,"""별 한개도 아까우며 왜 다녀야 할지 의구심이 드는 회사..""",부서 따라다르지만 연차 하나 맘 놓고 쓸수 있음 그게다임,미래 불확실 고인물 넘침 서로 일 떠넘기기 아무도 스스로 안함,제발 눈치껏 주변 기업이라도 따라 하던가 제발 이상한 사업좀 하지말아주세요
2.4,휴림로봇(주),2022. 02,1점,"""별 한개밖에 못준다는데 아쉬울정도로 전망이 없는 회사
절대 누구에게도 추천 하고 싶지 않아요""",연차는 눈치 안보고 쓸수 있는거 그거 말고는 …? 그나마 밥??,고여있고 업계에서 도태되어가고 있는 회사 이고 미래 답이 없음,제발 사람좀 봐가면서 채용 하고 놀고 있는 사람들좀 쳐내세요
2.4,휴림로봇(주),2022. 02,3점,"""점시시간 끼니 맞추기 어렵고 퇴근시간이 후덜덜""","IT산업이다보니 잠재적 발전가능성은 높다
메타버스관련 연결고리","임원급이하 직원들은 여유로움
그외 임원관련 업무진행자들은 시간의 압박이 ㅜㅜ",직원들의 최소 복리는 이행해주시길 바랍니다
2.4,휴림로봇(주),2022. 01,3점,"""일은 재밌게할수있었다 많이배우면서 야근을 많이했다""",장점은 탁구동아리나 축구동아리가있어 회사에서 지원금이나왔음 상여금을 받았음,야근을 너무 많이 오래함 경영진이 자주 바뀌어 회사가 안정적이지 못한느낌을 받았음,이랫다가저랬다가 하는모습을 보이지말고 주력분야를 정해서 꾸준하게 밀고나갔우면함
2.4,휴림로봇(주),2021. 12,2점,"""로봇회사지만 쌩뚱맞은사업을 많이한다. 사람귀한줄모르는회사""",자유로운 연차사용이 가능하며 중소기업이라 나라에서주는혜택 받아먹을수있다.,"주먹구구식 경영, 사람 귀한줄 모름, 아직도 멀은 사내복지",경영진에게 바라는거 없습니다.
2.4,휴림로봇(주),2021. 12,2점,"""열심히 하면 본인만 성장할 수 있는 곳
업무적으로 믿을사람이 있으면 팀원으로서 빠른 성장 가능""","성장할 수 있는 기회가 많음
하고 싶으면 다 일을 가져갈 수 있음","성장할 수 있는 기회가 다른사람이 일을 안하고 하는사람만 해서 성장할 수 있음 . 같은 연봉인데 성장이 우선이다? 그럼 추천
업무 아직도 모르는 다른 직원은 같은 연봉이네? 이 생각하면 못다님","인사 관리 절대적이였으면..
사람들은 다 안다 근데 경영진만 모르나"
2.4,휴림로봇(주),2021. 11,1점,"""기술력과 맨파워가 한계에 다다른 회사""",서울사무소 경우 선릉역과 가깝고 천안사옥은 넓어서 숨을곳이 많음. 월급은 밀리지 않았음,꼰대가 너무 많고 회사에 업무를 배울만한 사람이 한정적임. 팀웍 또는 협업이란걸 찾아 보기어렵고 회사 데이터나 자료라고 할만한것이 없음,"회사가 발전하려면 외부에서 유능한 사람을 뽑으시고, 개방적으로 회사 운영하시면 지금 보다는 좋아질듯 합니다."
2.4,휴림로봇(주),2021. 10,2점,"""말단사원에게도 책임을 요구하지만, 아무도 나서서 책임지지 않는 회사""","동종 업계에서 나름 오래된 회사로, 내부 구조가 탄탄함","회사 위치로 인한 접근성이 좋지않음
급여가 낮음
개인 연차 사용이 쉽지않음","잦은 경영진 교체로, 바라는 점은 없음
변경된 만큼 개선되시길"
2.4,휴림로봇(주),2021. 10,2점,"""그 당시에 대표이사들 즉 윗사람들의 피터지는 전쟁에 나가리 나는 새우의 현실판""","점심주고, 야근하면 저녁준다
휴일 수당 준다.
사람들이 좋다
탁구장 있다....","휴일수당은 3시간이상인가 4시간 이상해야 3만원만 준다.
몇시간이 오버하던지 상관없이 정말 3만원만 준다.
윗사람들의 아랫사람 챙기는거는 없고 정말 자기들끼리 피터지는 전쟁이였다
복지?? 기억나는게 없는걸 보니,, 없다","지금은 휴림로봇으로 명칭이 변경되었던데 잘 되어간거 같다.
하지만 아랫사람 챙기는것도 잃지말고 확실히 하자.
아랫사람이 잘 커야 윗사람이 빛이난다는걸,,"
2.4,휴림로봇(주),2021. 10,1점,"""숨은 주인인지 도둑인지 경영권은 어디에 있을까?
산업용로봇 기업""","1. 천안시내와 가까운 직주근접한 출퇴근 가능
2. 연차촉진제로 자유로운 편","1. 정체를 알 수 없는 주주 구성 및 경영진
2. 본사, 서울사무소, 연구소 제각각",회사를 특정집단의 돈벌이로 이용하지 말고 좋은 부가가치를 창출하여 사회에 기여할 수 있도록 합시다. esG경영.
2.4,휴림로봇(주),2021. 09,2점,"""구)디에스티로봇 구)동부로봇이였던 회사. 로봇의 꿈을 가지고 입사하였지만 대표들끼리의 싸움과 그로인해 피해받았던 직원들""",사람들이 좋아 야근을 해도 서로 도와주면서 일을 배울수 있었다,"야근수당은 없었고 주말수당도 몇시간 이상해야 3만원 나오는 수준
인원수도 충당이 안되어 커리큘럼없이 막무가내 일 던지기","대표들끼리 사내 메일을 직원들에게 누가 거짓말 하고 있다라고 정치함. 그로인해 눈치보고 회사 경영은 안돼고 말이 아니였다
비전이 없다 생각하여 퇴사"
2.4,휴림로봇(주),2021. 09,3점,"""일이 몰리는사람만 몰리는회사
부서마다 케바케가 심함""","연차가 자유로웠던 회사
직원들끼리 화합이 잘됨
같은 나이대의 직원끼리 잘 맞음","다른나이대의 직원끼린 안맞음
뭐 어떤회사나 마찬가지겠지만
꼰대가 항상있다","앞으로 발전하는 모습 보여주셨으면 좋겠네요
힘내세요"
2.4,휴림로봇(주),2021. 07,5점,"""커리어를 쌓기 좋은 회사 후회없는 입사 추천합니다 발전가능성 있음 코스닥 상장사""",연차 윗사람 눈치없음 칼퇴 가능 발전가능성 좋음 친절한 부서 임원 및 직원 관계,급여 동결 .. 음 지금은 어떨지 모르겠지만…. 분위기는 좋습니다.,합리적인 복지 및 직원들 처우 개선이 있다면 좋을듯 합니다.
2.4,휴림로봇(주),2021. 05,4점,"""서비스로봇팀은 나름 자유로운 환경에서 일을 할 수 있으며, 전사적으로도 밀어주는 분위기가 되어가고 있음.""","연차사용 자유로움.
야근 강요 없음.(일정에 지장이 없다면.)","급여가 타사 대비 적으며, 특허에 대한 포상이 없음.
식비지원 금액이 너무 작음.","개발자들이 자유롭게 일 할 수있는 환경은 만들어져 가고 있으나, 급여/포상에 대한 부분은 개선을 해 주었으면 합니다."
2.4,휴림로봇(주),2021. 04,1점,"""자존감이 하락하는 물경력 회사, 40대 이상이면 입사 강력추천""","연차사용 자유로움, 윗선 실무지식수준이 낮아 참견의 깊이가 얕음, 업무강도 낮음","증가하는 적자, 동결되는 연봉, 기준이 없는 승진, 없는 복지
도저히 이해할래야 이해 할 수 없는 연봉체계","폭등중인 테마주에 올라타는 것 같은 투자는 그만두시고, 로봇회사면 어디에 투자해야 할지 사원들도 잘 알고 있습니다."
2.4,휴림로봇(주),2021. 04,1점,"""인재를 소중하게 생각하는 기업이며 성장 가능성이 많은 기업이다""",연차 및 휴가 사용이 자유로우며 기업문화가 좋다 . 또한 연봉이 높은편이다,"출근시간이 빠르며 이직율이 높으며, 직원들 의식수준 개선이 필요함.",신규사업 투자 및 고용 창출에 최선을 다하시길 기원드립니다.
2.4,휴림로봇(주),2021. 04,2점,"""점점 쇠퇴하고 있는 기업. 반등의 기미가 보이지 않음.""",연차쓰는 것이 자유로움. 개발을 좋아해서 일하는 사람들이 많음,경영진이 비지니스를 잘 못함. 그리고 회사명이 계속 바뀌는 것에서 보듯이 여러요인으로 인해 불안정함.,잘하는 것에집중했으면 좋겠습니다. 그리고 사람이 중한데 인사에 좀 더 신경쓰시길 바랍니다.
2.4,휴림로봇(주),2021. 02,4점,"""사내분위기 좋음. 알바도 잘 챙겨줌.
예전 인력관리 담당자가 괜찮아서 배울게 많음.
천안분위기는 모름.""",자유로운 분위기. 부장이상급은 몰라도 과장이하로는 좋은 분위기. 일 열심히 하게 해줌.,이름이 바뀜. 실무를 하는데 있어 딱히 단점은 모르겠음.,"중간관리자가 이직보다 오래 다니고 싶은 회사, 그리고 후배양성이 가능한 회사가 되었으면 함."
2.4,휴림로봇(주),2021. 02,3점,"""워라벨만큼은 분명하나 그냥 나도 그중에서 고인물이 되기에 아주좋다. 발전도 없고, 나아가고자하는 방향또한 없다.""",연차 사용 편하고 회사 근무 분위기도 전반적으로 편하다. 사람들은 전반적으로 괜찮은데 가끔 편가르기 하는 사람들이 없지않아 있음,"신규 사업도 없고, 발전할려는 느낌이없다. 로봇회사 특성상 신규아이템이나 발전하려고 부단한 노력을 해야하는데 그냥 기존에 있는 아이템으로만 사업구성중..서비용 로봇을 만들고는 있는데 그분야는 대기업에 치이는 분야라 잘될지 좋게는 안보임",산업용로봇으로 시작한 만큼 산업용 로봇에 적극적인 투자를 했으면 합니다. 서비스용 로봇에 투자해서는 당장 회사의 비젼에 도움이 되는게 없는듯합니다.
2.4,휴림로봇(주),2021. 01,3점,"""열심히일하는사람도있고 열심히일하는척하는사람도 있다""",연차사용이 자유롭다 수평적인분위기이다 연봉이 밀리지않는다,주말출근이 잦고 하루에 꼭해야만하는일이 많이있다. 야근도 자주해야한다,이리저리 휘둘리지말고 돈이 되는사업을 꾸준히 집중해서 했으면좋겠습니다
2.4,휴림로봇(주),2020. 12,3점,"""회사오너가 자주바뀌며 분위기가 좋지않았음. 쌓여있는 기술이 있어 신입으로가서 많이 배울수있음.""","당시 제조업용 로봇으로 국내 몇안되는 국내제조사임
과거 동부그룹의 이력을 가지고있음",로봇은 아직 연구및 투자가 많이 필요한 분야임. 회사가 그걸 잘모르는것 같다. 아직도 옛날 기술로 먹고사는 중.,.선제적 기술개발은 못해도 도태되지않으려면 연구개발에 투자를 많이 늘려야 하지않을까
2.4,휴림로봇(주),2020. 12,1점,"""놀고먹기 편한 회사, 일하는 부서만 하고 나머지는 칼퇴근, 책임 전가 최고!!""",월급이 밀리지 않는다. 팀만 잘 만나면 놀고 폰게임하면서 칼퇴 가능,"공장 가면 놀고 구석에 짱박혀서 폰게임 하는 직원들 대다수, 어디 몰려 있는거면 무조건 게임 하고 있는거임.",매출대비 인력 너무 많음. 현장에서 노는 잉여인력을 잘라버리시길....
2.4,휴림로봇(주),2020. 11,1점,"""일에 끝이 없어서 야근을 밥먹듯이 하는 곳임. 더 이상 뭘써야지.""",친구같은 분위기라 잘 적응만하면 일 좀 못해도 넘어 갈 수 있지.,이 장점때문에 체계관리가 어렵다. 너무 희생을 강요한다.,잘 관리해라 잘 관리해라 잘 관리해라 잘 관리해라 잘 관리해라
2.4,휴림로봇(주),2020. 11,2점,"""그냥 편하게 경력 쌓다 다른곳으로 이직 추천""","연차를 윗사람 눈치안보고 쓸수있음, 회사생활이 자유로운편",쓸데없는 회의가 너무 많고 회사의 비전이 없음 사원 대리가 모든 총대를 다매고 가는기업 사원대리보다 과차부장이 더 많은곳,앉아서 뜬구름잡는 이야기만 하지마시고 비슷한 업종의 다른 기업은 어떤 투자와 어떤 업종을 추가하는지 알아보시고 발전시키기실
2.4,휴림로봇(주),2020. 10,1점,"""맨파워가 절대적으로 부족한곳. 정치질 난무""",개인주의가 있어 마이웨이 하면 속편함. 라인 잘잡으면 초고속 승진,"업종은 첨단산업이지만 트렌드나 기술력이 전혀 따라가지 못하는듯, 인재육성도 뒷전이고 옛날 이름값으로 사업연명함",인재를 육성하든..돈을 많이 주더라도 유능한 외부인원 채용이 답인거 같습니다. 애먼사람든한테 돈 많이 주지 마세요
2.4,휴림로봇(주),2020. 09,4점,"""워라벨이 어느정도 보장되있음. 회사사람들간의 분위기가 좋음""",연차사용에 있어 비교적 자유롭다. 기술력이 있는 회사라 본인의 기술력 향상에 도움이 된다. 사람들도 좋아 본인이 도태되지만 않는다면 분위기가 좋은 회사라고 할 수 있다.,복지가 조금 아쉬운 편이다. 부서간 사람마다 일하는 강도가 다른 것 같다.,직원들의 복지개선이 필요하다. 개개인의 능력을 잘 활용하고 대우 받을 수 있는 사람은 좀 더 대우를 해주면 좋을 것 같다.
2.4,휴림로봇(주),2020. 09,2점,"""그 당시 대표들끼리의 불꽃터지는 메일전쟁으로 서로를 까는 직장""",고강도의 업무로 빠르고 실력있게 커날갈수 있는 능력을 안겨줌,"신입이라고 챙겨주는 사람없으며 처음맡기는
일이 신입이 할수 있나정도의 생각이 들정도로 고강도의 중대한 임무를 맡김",서로 거짓말이라고 싸우지말고 현직 직원들의 복지와 미래를 각정해주길
2.4,휴림로봇(주),2020. 08,4점,"""작은 회사지만 라인만 잘타면 승승장구하는 회사
망할듯 하지만 절대 안 망하는 회사""","연차는 눈치안보고쓸수있음.
연차만 쌓이면 쉽게 진급 가능","연차만 쌓이면 진급할수있어 직급에 비해 전문지식이 부족하나
연차로 밀어붙임.",경영진에서 실무 외 업무에만 관심가지지않았으면 좋겠음.
2.4,휴림로봇(주),2020. 08,1점,"""별점 1점도 주기 아까운 회사
인재 귀한지도 모르고 사원부터 정치질 하는 회사""","나중에 과장 이상 달고 취업하면 편함
하는게 없음
그나마 월급은 안밀리고 나옴
그냥 멍 때리면서 하는짓 없이 월급 받기 좋음","영업팀 영업못함
제조스킬 딸림 설계 불량 최고
성과금 인센티브 절대 없음
4년간 전직원 연봉동결
잔업수당 없음,주말 특근 8시간 기준 7만원 시간 못채우면 없음 최소 5시간 해야 5만원 시간 넘어도 추가금 없음
철야 작업해도 수당 없음
철야하고 그 다음날 회사에서 2시간 자고 바로 일
현실판 염전노예",제발 헛짓거리 말고 한가지 사업이나 잘 하시길
2.4,휴림로봇(주),2020. 07,4점,"""일하고자 하는 사람에게는 정말 좋은회사
하지만 직장생활을 시간때우기로 보내는 사람에겐 아쉬운회사""","생각보다 자유로운 분위기의 연차
하지만 강력한 업무강도로 인해
회사 내부생활은 아주 바쁜편이다","나름 강력한 제조업기반의 회사임에도
프로세스 적립이 미비한점은 굉장히 아쉬운 부분","여러가지 시도속에 안정된 팀의 화합을
만들어주시면 좋겟습니다."
2.4,휴림로봇(주),2020. 07,1점,"""경영진이 너무 고여있다, 아직도 동부시절에 젖어 있다.""","연차는 눈치 없이 쓸수 있음, 정시 퇴근 보장을 합니다.","업무 프로세스의 부재, 품질 불량, 설계자 부족, 영업력 부족","주인의식이 필요하며 윗선영업이 활발해야 한다, 사업부 축소."
2.4,휴림로봇(주),2020. 06,2점,"""아무것도 안해도 월급 꼬박꼬박 잘나오고, 현재 삶에 계발 없이 정체하고 싶으면 다녀도 되는 기업""",월급이 밀린 적이 없다. 일 안하고 놀아도 월급은 잘 나옴,"부서별 업무 난이도 천차만별, 서로 일을 안하려고 타부서로 일을 미루려 함","인맥의 임원 말고, 실력 있는 임원들로 바꿨으면... 경영진이 경영에 관심 없고 주가 띄워서 튈려는 생각만..."
2.4,휴림로봇(주),2020. 06,3점,"""진짜 편하세 다닐수 있는회 업무강도 너무약합니다. 칼퇴가능""",칼퇴가능 제지감 무한사용가능 저녁있는삶 보장합니다. 그게끝,비전없습니다. 그냥편하게 다니실분만 추천바래요 아니면 사회초년생들,회사를 그냥 굴러가게 만드는게 아닌 비전있게 키우시루도전을 하시길 그리고 능력없는사람 월급주고 다니게하지말고 물갈이좀 하시딜
2.4,휴림로봇(주),2020. 06,3점,"""클 기회는 없어 보이는 곳이지만 나름 국제적으로 교류가 있음""",식당이 건물 안에 있고 화장실이 깨끗함. 사무실이 넓음. 현장도 상대적으로 쾌적함.,현장 근무직 근로 시간이 너무 들쭉날쭉함. 프로젝트 있으면 지나치게 늘어지고 없을 땐 빠짐.,프로젝트와 별개로 업무 시간이 일정했으면 좋겠음.
2.4,휴림로봇(주),2020. 03,3점,"""아무생각없이 다닐수도 있지만, 본인이 하고 싶은것을 할 수 있는 곳입니다. 하지만, 현재 회사 상황은 좋지 않습니다...""",본인이 하고 싶은 것을 할 수 있습니다. 어느정도에 워라벨도 보장되는 편입니다.,"회사 상황이 좋지 않게 때문에 급여 동결은 계속 될겁니다.
일을 할 사람보다는 지시하는 임원에 수가 너무 많습니다.","다같이 노력해야 지금에 어려운 위기를 극복할 텐데, 일을 하는 사람만 한다는 느낌을 받습니다....월급 루팡들좀 솎아내주세요."
2.4,휴림로봇(주),2020. 03,5점,"""첫 직장으로 발담구어 어느정도 사회생활 맛본다고 보면 되는 회사. 평생직장은 아닌듯한 느낌""",사람들이 친절하고 구내식당 밥이 나름 괜찮았던 것 같음,업무량에 비해 보수가 적으며 일 특성상 야근이 잦고 힘듬,업무도 체계적으로 자리잡아야 할 것 같고 직원들 복지에 신경써야 이탈자가 생기지 않을 것
2.4,휴림로봇(주),2020. 03,2점,"""놀고먹기 좋은 회사 편해요. 아무 생각 없이 다니기 좋아요""",자유로운 경쟁이 별루 없음. 평화로운 년도 따라 자동 승진,능력이 향상이 없음. 그냥 아무 생각 없이 다니기 좋아요.,없어요. 어자피 다 바지 사장. 위에 회장이 따로 있음.
2.4,휴림로봇(주),2020. 02,3점,"""업무초보자가 기계에 대한 메커니즘에 대한 기본적인 이해 그리고 현장경험을 익히기에는 좋음""",부서마다 다르겠지만 텃새가 없고 비교적 자유로운 분위기,부서마다 다르겠지만 현장에 근무하는 인원의 경우 업무 강도 및 시간이 높음,업무분배를 체계적이고 효율적이게 할 필요성이 있음. 일거리가 들어와도 떠넘기기식이 있음
2.4,휴림로봇(주),2020. 02,1점,"""직원을 부속품 정도로 생각하고, 기업이 나가고자 하는 방향을 알 수 없다.""",로봇과 제어기 모두를 만들고 있다는게 장점이라면 장점.,"윗사람들이 너무 많아 일 진행이 안된다.
업무의 경계가 모호하다.
복지다운 복지가 없다.","일단 선장은 넘쳐난다.(재대로 된 선장은..?)
노를 저을 사람이 필요하다.
채용공고를 띄울때, 뭐가 필요한지 정확히 알고 띄워야 한다. 무슨일을 해야할지 보이지 않는 공고를 띄우지 않았으면...그리고 공고에 적혀있는 필수 스팩을 다 갖춘 사람이 이 회사에 과연 올까?"
2.4,휴림로봇(주),2020. 01,3점,"""줄타기를 열심히 경함할수 있고 아주 편안한 환경에서 근무하다보면 도태될수있다.""",누구나 실적이나 근무태도에 대해서 쪼으는 사람이 없다. 발전 할 마음이 없는 기업인 만큼 바라는 것도 없다.,"발전 가능성이 전혀 없고, 로봇기업으로써의 메리트도 점점 없어지고 있다.",로봇기업이라는 자부심과 열정으로 업무를 진행했으면좋겠다.
2.4,휴림로봇(주),2019. 10,3점,"""회사가 기술은 있어서 신입으로써 업무적으로 배울것은 배울것은 많았음""",과거 자유로웠던 분위기가 좋았으나 이마저도 많이 없어진듯함,경영진이 자주바뀌어 일단 회사가 불안함. 연봉도 몇년간 동결.,직원들의 복지에 좀 신경써야함. 특히연구부서는 사람이 회사 기술이기에 대우좀 해줬으면
2.4,휴림로봇(주),2019. 06,3점,"""오래다니기는 힘들수도 있는회사. 하지만 업무대비 연봉이라면 각자 생각이 다를수있는 회사. 각자 성향차이가 다를수있으니 케바케""",로봇회사의 자부심이 있습니다. 연혁도 오래되었고 기술력이 없는 회사는 아닙니다. 열심히 배운다면 길은 있다고 생각이 됩니다.,인원대비 할당이 너무많은 업무량 위에서 제대로 내려오는것이 없는 오더 대비 직원이 감당해야 할 바운더리 자체가 너무 넓습니다,"회사에 필요한 수주를 따오기 위한 활동이 더 활발해졌으면 좋겠습니다.
기존 직원을 물론 위해야하겠지만, 신규사원들도 잘 챙겨주는 회사로 발전하시길 바랍니다"
2.4,휴림로봇(주),2019. 06,3점,"""기업 기운이 오르락내리락 잘 하는편. 인맥으로 입사하는 사람들이 대부분. 텃새는 기본.""","팀을 잘만나면 배울수 있는 기회가 많다. 팀을 잘 못만나도 자기가 지원하면 많은 배움의 기회가 많다. 교육, 박람회 기회 많은 편. 일도 본인이 잘 빠져나가면 덜을 수 있다",팀을 잘 못만나도 배울수 있는 기회가 많은 대신 그 일을 번인이 다 짊어져야하고 서로 탓하기 바쁜회사. 사내 영업이 많아 눈치껏 행동하면 편히 일하 되 사람이 약아짐,관심을 회사 돌아가는데에 쏟았으면. 사람 하나하나 지켜보고 괜히 일 안하고 내부영업 잘 하는 사람만 연봉 올려주지말고 밖에서 직접 영업 잘 뛰는 사람을 밀어 줬으면 합니다.
2.4,휴림로봇(주),2019. 04,2점,"""텃세가 심했고 구동부로봇이라는 자부심은 있으나 기술력이 없음""",나름 칼퇴가능 워라벨은 괜찮으나 몇몇 고인물들이 있음.,대표가 자주 바뀌어 주인없는 회사 느낌.. 주먹구구식 체계가 없음,"쳬계없는 시스템때문에 피해보는 직원들이 있어요~
그리고 고인물들 정리 안 하면 그냥 그 자리인듯요 또한 사내 정치질도 심함"
2.4,휴림로봇(주),2019. 03,3점,"""변화나 발전에 막혀있는 느낌.. 무언가 까라면 까의 조직 문화도 있음.""",젊은 인원이 많음. 하던 일만 계속 하면 되서 적응하고 나면 어려운 일이 별로 없긴 함. 오래된 업체이다 보니 꾸준히 수요는 있음.,"퇴사자가 정말 많음. 그만큼 전문성도 떨어지고, 직원 교체가 많은 만큼 발전이 어려움. 심지어 대표도 자주 바뀜.",퇴사자를 줄일 수 있는 방법을 고민하면 기업의 모든 문제가 보이지 않을까 싶음
2.4,휴림로봇(주),2019. 03,2점,"""경영진들의 갑질이 심하고 퇴사율이 높아 이력 관리가 안되서 실무자들의 업무가 힘듬""","연차를 눈치안보고 쓸 수 있음.
정부에서 진행하는 청년지원정책에 참여율이 높음.
젋은 세대가 많아 실무자들끼리의 친목 분위기는 좋음.","야근이 많지는 않지만 경연진들 눈치 보느라 퇴근시간에 퇴근 불가.
불합리한 인사이동이 많음(설계직의 제조 이동, 영업직의 고객지원 이동)
퇴직율이 높아 장기 근속자가 없어 이력관리가 안되고 전문성이 떨어짐
불량율을 개인의 잘못으로 취부해버리는 경향이 있음
주업종보다 신규사업 유치에 관심이 많음(아동복 브렌드 런칭 등)",밖을 보는 경영보다 안을 먼저 챙기는 경영이 필요함
2.4,휴림로봇(주),2019. 03,1점,"""여기 저기 좀먹고 구멍나서 침몰해 가고 있는 목재 범선.""","무려 상장회사다.
정시 출퇴근이 가능하다.
일을 안해도 티가 안난다.
경영권 분쟁이 끝나고 경영이 안정화 되고 있다.
현 정권을 만든 나비효과의 발화점.
어디 가서 몸에 그림 그린 사람 봐도 쫄 것 없다.","기업사냥꾼, 사모펀드의 전형
경영 전략이 없으니 현업에서 무슨 일을 해야 하는지 명확하지 않고, 분기마다 할 일이 바뀐다.
매출이 반토막, 그 반토막으로 줄어드는 중
무능한 경영진이 무능하고 무기력한 임원들을 계속 영입하고 있음.
임원 영입시 마다 그 부서 직원들이 대거 퇴직함.","경영 의지가 없으면 물러나시던지,
아니면 유능한 사람을 영입하시던지,
그럴 능력도 없으면 오래동안 현업에 종사한 직원들의 이야기에 귀를 기울이시던지.
기술기업에서 기술 모르는 임원들이 책상머리에서 아이디어 내 봐야 유치원생 그림보다 나을게 뭐 있겠나요."
2.4,휴림로봇(주),2019. 03,1점,"""젊은회사임 다 젋었음 여직원많음
양산제품 고객별 스페셜제품 제공하지만 캐드쫌만할수있음 다할수있음 평일보통10시에 퇴근함 주말출근해야됨 (일이많음..)근데 구매팀에서 설계실수하면 내려와서 개갈굼 ㅋㅋ 일도바쁜데 갈굴땐 무조건불러서갈굼 걍 전화로갈구든해라 진짜 사내갑질개쩌내 ㅋㅋ나는 입사다음날 12시퇴근함""",장점? 젊은사람들이 많은게 장점이면 장점 근데 여직원은 다닐만함 ㅋㅋㅋ 남자는 좀 고생함,구매팀이 갑질함 진짜 핵갑질 현장은 외주작업이라 현장도 뭐라많이함 ㅋㅋㅋ 품질은 진짜 노답이다 1년차한테 감당하기힘든 갈굼을줌,"입사다음날 12시퇴근했음 지금은 경영진많이바뀌었겠지
근데 왜 노답인지좀 아세요 ㅋㅋㅋ"
2.4,휴림로봇(주),2019. 01,5점,"""향후의 발전 가능성이 매우 좋은 편이며,
신입사원이 업무적으로 배우기 완만한 회사라고 보여짐.""","연차 사용이 자유로워 크게 눈치를 보지않고 연차를 사용 할 수 있음
본인의 업무 종료시 정해진 퇴근시간에 퇴근이 가능
근로자 연령대가 주로 2-30대가 많아 분위기가 아주 좋음","회사 주위에 상업적 발달된 곳이 거의 없기 때문에 주위에 회사 이외의
카페 이런것은 좀 멀리 떨어져 있음.",때로는 융통적으로 할 수 있는 부분도 있었으면 함.
2.4,휴림로봇(주),2019. 01,2점,"""배는 있으나 선장이 없음. 회사가 무엇을 하고자 하는지 모르겠음.""",연차 사용이 비교적 자유롭다. 직원들간에 분위기가 좋은편이다.,일을 잘 알고 계시던 분들이 대부분 나간 상황이라 체계적으로 일을 배우기가 쉽지 않다.,"뜬구름 잡는 소리 그만하고, 진짜 할 수 있는 일이 뭔지를 알아야 한다.
회사가 가진 기술을 어떻게 발전 시킬지 생각은 안하고, 주식에만 목을 매는 듯 보인다."
2.4,휴림로봇(주),2018. 07,3점,"""사내 분위기는 좋습니다.쓸 데 없는 업무는 적고 복잡한 절차도 없는편입니다.""","연봉이 동종업게 중에서 많은 편입니다. 연차 사용 또한 부서에따라 다를 수도 있겠지만 큰 눈치없이 사용이 가능합니다.전체적인 회사 분위기가 좋습니다,",학력에 따른 승진 편차가 큽니다. 4년제 대학에 나오면 큰 상관어 없습니다.회사가 국내지분 중국지분에 걸쳐있다보니 단단느낌은 안듭니다. 잦은 경영진이 변경이 있습니다.,새로운 사업을 할려고 하는 진취적인 느낌은 없습니다.그냥 기존에 하고 있는것만 하고 더 발전하고자하는 분위기는 거의 없습니다.잦은 변경으로 인해 주인의식을 갖고 일하는 사람이 거의 없습니다.
2.4,휴림로봇(주),2018. 07,3점,"""고객지원담당 인원 은 경력이 많고 나이가 조금 있는 사람이 어야만 함""","고객지원의 특징을 활용하기 좋음
업무만 정확히 끝내면 눈치안보고 퇴근 할수있음",근무 당시 상급자 부재로 대응가능 인원이 없어 문제가 많은 부분존재 하였음,기존 인원들은 왜 나가는지 좀더 관심을 갖고 바주면 좋을것 같았음
2.4,휴림로봇(주),2018. 07,2점,"""제조회사이다보니 IT개발자로서의 대우가 별로다.""",일찍퇴근 가능. 자기 일만 끝내면 언제든지 칼퇴가 가능하다. 어차피 야근해도 밥값도 안준다.,주말 제외 빨간날은 쉬면서 연차를 까임. 연봉에 연장근로에 대한 부분이 포함되어 있어서 기본급이 작음. 복지가 없음.,제대로 일했으면 좋겠음. 연구소장이 윗줄 눈치보면서 우유부단하게 결정을 잘 안내림.
2.4,휴림로봇(주),2018. 06,3점,"""현재의 어려움보다는 과거의 영광을 되찾기 위해서 부단한 노력이 요구됨""","임직원간의 친목과 유대는 매우 강해서 업무하기는 나쁘지 않음.
한때는 점심시간을 활용해서 스타크래프트 한판.","상당한 짠돌이 문화가 있음. 좋은 문화는 점점 줄어들거나 없어지고....
황당한 문화들만 점차 들어서가는게 아쉬움","좋은 문화는 살리고, 그렇지 않은 문화는 개선해 나아가길.
현재와 과거를 바라보고, 앞으로는 더 발전하는 회사가 되길"
2.4,휴림로봇(주),2018. 05,3점,"""예전의 영광으로 버티는 회사. 앞으로가 걱정되는 회사.""","업무강도가 크지 않아서 주말이 있는 생활이 가능함.
사원들끼리의 분위기도 나쁘지 않음.","예전 영광으로 버티는 중인데 , 예전의 영광을 만들어냈던 사람들은 이제 없음.","회사에서 중요한건 결국 사람인데 , 좀 신경써서 관리 하길"
2.4,휴림로봇(주),2018. 04,2점,"""동부로봇이라는 타이틀을 가지고 있으며 현재 이것저것 마구 도전하는 단계라고 볼수 있다""","타이틀이 일단 좋고 무한한 도전을 가지고 있으며 로봇업계 3위정도 된다.
또한 중국 수주를 많이 가져오고 있다.",회사 사장이 많이 바뀌는 시점이 있었으며 신입 교육 ojt 프로세서가 잘 되어 있지 않아서 신입들은 고생을 많이 할수 있다.,사업에만 몰두하지말고 인원수 증축과 사원들에 대한 복지 그리고 기숙사 시설 노후화를 염려하여 항상 생각해줄수 있기를
2.4,휴림로봇(주),2017. 10,4점,"""신입으로 들어가서 경력을 쌓는건 나쁘지 않았고, 그 당시 동종업계에선 나름 이름 불리는 회사였다.""","자율 휴가제, 근무 환경 및 여건 나쁘지 않았고 일이 있다가 없다가 그랬다.",못 하는것만 너무 바라보지 말고 서로서로 친근감을 좀 더 갖고 일을 했으면 좋았을 것 같다.,업무분배가 효율적으로 분배됐으면 좋겠다. 너무 잦은 야근은 근무에 무리가 간다.
2.4,휴림로봇(주),2017. 10,2점,"""직원들은 일이 많고 힘들게 일한다
하지만 매출은 늘어나나 영업이익률은?""","연차 사용시 상사의 눈치를 안봐도 됨
단 자신이 맡은 업무에 대해 끝낸후...","직원들을 위한 복지가 체감적으로 와닿지 않음
복지가 어느회사나 있는? 그런거","복지를 개선할려는건 좋으나 직원들 의견을 들어주세요
직원을 위하는게 회사를 위한겁니다"
2.4,휴림로봇(주),2017. 07,4점,"""화목하고 분위기가 좋지만 업무에 대해 명확한 구분이 필요함""",부서에 따라 다르지만 대체로 업무환경 및 분위기가 화목하며 편안함,"가끔 업무외의 일이 많은 편이며, 야근이 잦은 부서가 많다.",직원의 복지에 조금 더 신경을 써주셨으면 좋겠다
2.4,휴림로봇(주),2017. 05,1점,"""로봇회사에서는 업계2위 로보스타에 밀리는 회사로 이제는 서비스로봇은 망하고 산업용 로봇에 주력하는 회사""",3년차 미만의 직원에게는 경험상 좋음 이직에 필요한 스펙쌓기 회사임,"천안공장과 부천연구소라 거리가 멀고, 영업 압박이 매일 있었음, 차가 없으면 갈수 없는 공단에 위치함",경영진이 바뀌고 현재는 기업사냥꾼 느낌만 있음
2.4,휴림로봇(주),2017. 03,3점,"""국내로봇업계의 선두주자였으나 현재는 다소 부진한 상태로 한동안 침체된 상황""","근무조건이나 업무 분위기가 자유로운 편이며 조용하고 쾌적한 환경에 위치
국내로봇업계의 선두주자로 재도약할수있는 기술력 확보",연구개발 투자가 미진하여 향후 발전가능성이 부족해보이는것이 단점임,직원들의 사기진작을 중요하게 생각해 주시기를 바랍니다.
2.4,휴림로봇(주),2016. 09,1점,"""전형적인 중소기업. 위에서는 찍어누르기만 하고, 대안은 주지 않는 기업""",동 부서원들 끼리는 서로 힘들기 떄문에 챙겨주는 훈훈함은 있음.,"잦은 야근 및 주말 근무로 인한 아주 낮은 업무 효율성 / 비전 제시를 하지 못하는 경영진 / 동 부서간에는 커뮤니케이션이 되나, 타 부서끼리는 사이가 좋지 않음.","주력 부분을 선정해서 그부분에만 집중해 주길.
대책 없이 제품 개발 후 나몰라라 하는 그런 마인드.. 버려주기 바람."
2.4,휴림로봇(주),2016. 06,1점,"""그냥..중소기업입니다. 고인물 많고, 늘 하던거 하는 회사.""","2차 업체이다 보니, 대형 고객사의 압박 받을 일 없음.",더이상의 발전은 없는 회사. 항상 해오던거 합니다. 고인물이 많아요. 젊은인력은 금방 나갑니다.,신규 사업에 투자해야 살아남지 않을까요?
2.4,휴림로봇(주),2016. 06,3점,"""FA업계에서 경력을 쌓기에 괜찮은 회사""",회사 분위기 자유로운 편 / 인사평가 스트레스 낮은 편,부서마다 업무강도와 시간의 차이 / 연봉동결 / 빈번한 입퇴사,연구개발에 투자가 필요한 시기인 것 같습니다
2.4,휴림로봇(주),2016. 06,3점,"""개인의 희생을 감내하고서라도 업무를 마쳐야 된다는 분위기의 회사. 하지만 열정이 있다면 다녀볼만 하다.""",업무량이 항상 많기 때문에 자기발전할수 있는 계기가 된다. 사내 분위기가 수평적이라 상사의 조언을 쉽게 구할 수 있음.,출퇴근이 자유롭지 못한 편. 주말 출근도 감내 해야 함. 입퇴사가 잦아 사람이 자주 바뀐다. 그에 따른 업무 부하도 심한 편.,합리적인 복지 및 보상 쳬계가 필요하다고 생각됩니다. 사내 복지에 노력은 한다지만 내가 받는 복지를 느끼기는 어렵습니다.
2.4,휴림로봇(주),2016. 06,4점,"""직장에 자신의 열정을 쏟아낼수 있는 사람이라면 추천 합니다.""",자기가 할일이 명확하다 일이계속 끊입없이생겨서 심심할틈이없다,회사의방향성을 모르겠다 계속 대표가바뀌어서 안정성이없는거같다,한번 회사를 맡았으면 무슨일이 있더라도 자리를 계속유지를하몀서 회사를 발전시켰으면합니다
2.4,휴림로봇(주),2016. 05,2점,"""로봇분야 한국업계에서는 네임벨류 인정, 그러나 로봇산업이 미래산업인것은 분명하나 현재는 아님. 배울 것은 많으나 그만큼 희생이 많음.""",중소기업으로서 배울 것은 많음. 본인이 많이 배운뒤 같은 계열로 이직을 한다면 좋을수도 있음.,"기본적으로 입사 후 개인의 희생과 열정을 강요함. 애사심이 생기고 나서 강요해도 나쁘지 않을 듯. 부서별로 업무강도의 차이가 심하고, 부서별로 군대문화 존재, 회사가 어려워 복지를 점점 줄이고 있다는 느낌을 많이 받음","회사가 어려울때 복지를 줄이면서 회사를 키우려는 마음은 충분히 이해 가지만, 직원들의 동의와 이해가 충분히 필요하다고 봅니다."
2.4,휴림로봇(주),2016. 05,3점,"""업무량이 많고 기업문화가 보수적임. 급여수준은 기업규모 대비 괜찮은 수준임.""","직원들간의 분위기가 좋은 편임, 다양한 업무 경험 가능
식당밥이 맛있다","잦은 입퇴사로 불안정한 환경, 많은 업무량으로 인한 야근","보수적인 기업문화 개선, 신규개발 투자 및 장기적인 비전제시 필요"
2.4,휴림로봇(주),2016. 03,2점,"""책임자들은 책임전가에 급급하고 사람 귀한줄 모르는 회사.""","로봇계통에서는 그런대로 이름이 알려져있는 편이다.
직원들의 나이가 젊다","급여의 차이가 천차만별이고, 부서별로 업무 강도 차이가 크다.
문제가 생기면 대처보다는 책임자 정하기에 열중한다.","합리적인 복지와 근무에 대한 보상을 해줬으면 좋겠다 .
그리고 사람 머리수만 늘린다고 모든게 해결되는것은 아니다."
2.4,휴림로봇(주),2016. 03,2점,"""장기존속이 불투명, 직원간 분위기는 나쁘지않음, 경영진의 능력이 의심되는 회사, 연봉 및 복지 평균이하, 업무능력보다는 다른능력이인정받는회사""","젊은직원 비율이 높아 직원간 사이가 좋음, 업무가많이 복잡하지않아 그럭저럭 다닐만한 회사","미래성장가능성 보이지않으며, 현재버티기도어려워보이는회사, 업무능력이 뛰어나도 인사고과가 낮은 회사, 아부능력이인정받는 회사","미래성장 아이템발굴이절실하며, 사업구조 및 내부조직에 대한 대대적인 구조혁신이 필요한 기업"
2.4,휴림로봇(주),2016. 03,3점,"""로봇업계의 선두주자, 그러나 2012년 매출액 감소가 진행중. 로봇관련 학과 사원급에는 관심 있는 기업임. 현재 업계 2위 기업이라 판단함""",식당 밥 맛이 좋음. 부서별로 칼퇴근이 보장되는 곳이 있음. 사원급 대리급으로는 경력 쌓기가 좋음. 대인관계가 원만해서 적이 별로 없음. 로봇관련해서는 선두기업이라 배울점이 많음. 금요일에는 무조건 6시에 칼퇴근 해서 좋음. 업무가 엑셀과 ERP로 진행되어서 문서 작성에 별 어려움이 없음,"출근시간은 대체로 8시 정도로 칼퇴근 부서는 많지 않음. 천안4공단이라 무조건 차가 있어야 됨. 돈관리가 매우 엄격하고 부서별로 5단계의 인준이 필요해서 계약하기가 까탈스러움. 영업환경이 매우 나쁘지고 있고, 수요 감소로 어려움이 큼. 그만큼 경쟁력이 떨어지고 있음","로봇 선두기업으로 되찾으시길 기원합니다. 매출액과 영업이익도 오르고, 영업환경과 매출 관련 해서 안쪼았으면 합니다."
2.4,휴림로봇(주),2016. 02,3점,"""CEO의 사람중심 경영 으로 인사평가가 없음. 상대평가 없음. 절대평가. 매우 단순하게 평가.""",분위기가 자유로운 편. / 압박이 심하지 않다. / 점심 저녁 제공 /,"팀마다 분위기가 천차만별. 야근수당은 없는데, 팀마다 야근에대한 분위기가 많이 다름. / 위기의식이 없다. / 임금 거의 동결임.",위기 의식을 가지고 회사 발전에 힘썼으면.
2.4,휴림로봇(주),2016. 02,2점,"""과거의 영광에만 머물러 있는 회사. 미래를 위한 투자가 없다. 솔직히 어디에 투자를 해야하는지 무엇에 집중해야 하는지 모르는더 같다. 경영진 그리고 관리자부터 바뀌어야 할 듯!!!""",연구소의 경우 자유로운 분위기. 강압적이지 않고 출퇴근이나 연차쓰는데 눈치를 안봄. 개인이 노력하면 많은 것을 해 볼수 있는회사,오래된 회사의 전형적인 모습. 미래에 대한 투자나 도전보다는 현재에 안주하며 오래버티길 기도하는 심정이랄까. 그리고 규모는 중소기업인데 왜 문어발식으로 사업을 확장하는지. 그로인해 경쟁력도 기술력도 떨어지는것은 왜 모를까?,과감히 좀 투자하세요. 그리고 잘 할 수 있는 것에 집중하세요. 마지막으로 사람을 귀중히 여기세요. 인터넷에 동부로봇 면접후기라도 쳐보시기 바랍니다. 사람을 귀히 여기지 않는 회사에 미래는 없습니다
2.4,휴림로봇(주),2016. 01,2점,"""부서마다 업무강도가 천차만별이라 개인의 만족감을 하나라도 찾는다면 다닐수있는회사""","좋은방향으로의 변화를 바라는 젊은 사람들이 많은 회사
금요일은 칼퇴하는분위기 퇴근시간30분이 지나면 남이있는 사람없음","변화와 혁신을 하려하지만 기존의 틀을 벗어나는것을 귀찮아함
부서별 업무강도 천차만별.직급이 올라갈수록 일을 안함.
책임감을 갖고일하면 손해보는 느낌.
부서간 마찰이 심함.업무떠넘기기 책임회피 다반사.
중소기업이지만 대기업 시스템을 표방 중소기업의 으샤으샤 따위없음.","현실적인 발전방향을 제시하였으면함
현제의 문제를 해결하고 같은 미래를 보고 간다면 성공할지 모르겧네요"
2.4,휴림로봇(주),2015. 09,2점,"""신입이 커나가기 힘든 회사.
직무를 가르쳐주면서 사원을 길러야하는데
노하우를 꽁꽁 싸매고 도저히 풀지를 않는다.""","나름 대기업이고 이쪽 계통에서는 알아주는곳이라
네임밸류가 존재한다.","내가 이 곳에서 근무하면서
사원을 7년차까지 봐왔는데
신입이었던 나로썬 나도 저렇게 진급이 안되나 싶었다.",투명한 인사제도와 업무의 평균적 분할이 정말 중요하다 느꼈다.
2.4,휴림로봇(주),2015. 08,1점,"""대기업 병에서 나오지 못하며, 첫 직장으로는 매우 좋지 않음.
사원급이 업무 진행을 하지 못함.""","사원이 메인이 되서 업무를 할 수 있어서 좋은 경험이 됨.
(큰 기업시 팀장급이 할 수 있는 일을 미리 할 수 있음.)","부서끼리 타협도 되지 않으며, 사원급은 아에 꿈도 못꿈.
복지는 없다고 생각하시면 됩니다. (현재 기숙사도 없음)
야근은 많지만 수당은 없음.
주말특근비는 기름 값도 되지 않음.","사장은 어떻게 회사가 진행이 되는지 아무것도 몰라보임.
무조건 열정만 가지고 업무를 하라고 지시 함."
2.4,휴림로봇(주),2015. 01,4점,"""일은 편할 수있으나 부서마다 업무강도가 틀리어 억울한 경우가 많음. 부서를 잘선택하여 좋은 직장되시기를""","적극적으로 하면 인정도 잘해주고 승진도 잘됨
선배들의 노하우 강점부분들이 있음.","일을 하던사람만하여 업무잘하는 사람에게 집중됨
체계적이지 못한 교육 시스템으로 입사초 난항임",눈앞의 이익보다는 보다 멀리보는 지혜로 사원들에게 비젼을 제시하여 주시면 좋겠음
