총점,회사,날짜,별점,요약,장점,단점,경영진에게
2.2,엔바이오니아(주),2022. 08,1점,"""주먹구구, 있는직원들 돌려서 부서 만들기, 회의하다가 고함은 기본.
남들이 이것도 하고 저것도 하니까 이거 저거 다 함.
복지1도없음.""",미래는 있긴하나 개발비로 개발은 안하고 이것저것 사기 바쁨.,"스톡옵션은 사무직 직원들만 줌.
생산팀 현장직원은 입쓱 닦음.",하계휴가 정도는 회사에서 좀 보내주면 좋겠다. 개인 연차로 가는것이 아니라.
2.2,엔바이오니아(주),2022. 07,3점,"""새롭게 재도약을 준비하는 회사로서 인재채용의 어려움 등으로 도약기가 힘듦. 하지만 미래는 밝음""","대체휴가 사용 및 각종 복지정책(내일채움공제 등) 에 지속적인 투자를 하고 있으며, 가족같은 분위기 조성에 힘쓰고 있는 회사","업무의 비효율적인 부분이 너무 많아 일의 진행에 힘이 듦. 또한, 잦은 이직으로 인한 업무 공백을 메우기 위해 너무 힘이 듦",사업 투진에 있는 직원들의 말을 들을 필요는 있지만 너무 직원들에게 휩쓸려 정책을 펴지 않았으면 좋겠음.
2.2,엔바이오니아(주),2022. 06,2점,"""하고싶은대로 하는건 좋은데 직원좀 생각하자""",자유로움을 추구하지만 조직체계가 없어 빠른 시간 내 입지를 굳힐 수 있다,"비효율적 업무처리, 체계없는 조직, 직원은 곧 일개미 성과는 팀장의 몫, 기준없는 연봉","직원 좀 바라보고 같이 일을 했으면, 즉흥적 결정은 하지 않았으면"
2.2,엔바이오니아(주),2022. 04,1점,"""근속연수가 짧은건 이유가 있음. 이유를 제거 못함""",무슨 장점이 있는지 모르겠음... 어떻게 입사했을까 싶은 사람까지 월급은 따박따박 챙겨줌. 뭐.... 월급은 줌,정부과제가 너무 많음. 과제비가 목적이라 과제에 대한 제대로된 실제 실적이 없음. 과제비 외 개발에 투자하려 하지 않음. 그나마 쓰는 과제비도 쓰는 과정이 험난함,본인들이 결정한 사항이 잘못됐으면 책임은 본인들이 지시길... 제발 이랬다 저랬다 쉽게 지시사항 바꾸지 마시길...
2.2,엔바이오니아(주),2021. 11,1점,"""사장이 왕인 회사 듣고 싶은 것만 들을려는 경향이 있습니다
미래가 점점 없어지는 추세""","제천에 있다면 출퇴근이 용이 워라벨 만들면 만들수 있는 회사
나만 아는 사람이 많은회사","꼰대문화 위로갈수록 답이없음
클수 있는 회사 지만 경영 방침이 별로인 회사
직원들이 힘듬","직원들 생각좀 ..
자신만 알지 말고 다둘러볼필요가있음"
2.2,엔바이오니아(주),2021. 07,3점,"""주식 상장 후 상승세를 보이고있는 기업""","업무 분담이 체계적임, 젊은 세대의 인력이 많음, 근무복장이 자유로움","복지가 안좋음, 근무를 위하여 회사 용품을 사용하는데도 불구하고 눈치보임",복지에 좀 더 신경써주셨으면 좋겠습니다.
2.2,엔바이오니아(주),2021. 07,3점,"""방향이 없다
어느 방향으로 가는지 잘 모르는 게 현실""","야근을 강요하지 않음
시간되면 퇴근할 수 있음
관리가 안되는게 장점","프로세스 없음
청소직원이 없어 사무실 전 직원 청소
돈 적게 줌","권한과 책임에 대해서 이해를 하기 바란다
방향을 명확하게 제시바란다"
2.2,엔바이오니아(주),2021. 06,2점,"""연봉 및 복지를 바라지 않고 더욱 큰 곳을 가기위한 발판정도로 가능한 회사임""","워라벨이 가능하며 퇴근 시간 정시에 가능 , 회사군기가 없음 , 분위가 무겁지 않음","연봉이 낮고 복지가 없음 , 외부평가와 다르게 중구난방 업무 소심한 투자 몇몇 고인물들이 무능력함이 높은 회사임","연봉인상 폭 확대 및 회사 복지 확대 , 편중된 평가가 아닌 정당한 평가"
2.2,엔바이오니아(주),2021. 04,2점,"""지역특성이라기 보단 회사수장들이 만드는 근무환경으로 튀지 않게 하는일만 그냥그냥""",중식 제공 좋은 공기 학교같은 분위기 열심히 일하면 더 열심히 일하게 됨 사람들은 순함,엄청난 회의시간 비효율적인 업무체계 휴가결재도 사장까지 휴가쓰면 일없고 야근하면 열심히하는줄 아는 8090스타일 가족회사^^,진보하지 않으면 퇴화한다 구시대적 발상과 의미없는 평가 덜주기위해 노력하다간 좋은 사람들 다 나감
2.2,엔바이오니아(주),2019. 12,2점,"""필터제조업의 특성상 근무환경이 매우 열악하며 외국인노동자도 같이 근무함""",사업다각화로 매출이 점점 안정화 되어가고 있어 향후 발전가능성이 큼,필터제조업의 특성상 근무환경이 매우 열악하며 생산직은 계약직2년 후에 정규직 전환된다함,열악한 근무환경에서 일하는 현장직군의 올바른 급여개선 및 근무처우가 절실함
2.2,엔바이오니아(주),2019. 06,4점,"""상당한 기술력을 바탕으로 이루어진 기업이며 코스닥 상장을 앞두고있는 전도유망한 기업이지만 매출이 한쪽으로 지나치게 기울어져있는 불안한 기업""","연차의 자유, 편안한 업무분위기, 연구를 위한 해외 전시회참석, 회식의 자유 등등",연구 이외 부서에대한 지원이 미흡하며 동조업계에 비해 낮은임금이 단점. 제천연구소로 잦은출장을 하여 퇴근이 늦어짐.,적극적인 투자와 연구 이외부서의 이야기를 수렴하고 반영해주셨으면 좋겠습니다.
2.2,엔바이오니아(주),2019. 05,2점,"""내부 회의가 많고 회의 시간이 아주 김,
회의 대신 그 시간에 업무를 하면 회사가 더욱 커질 수 있음.""","연차 사용에 눈치를 많이 안 봄.
직원들은 서로 사이가 좋음.","아주 낮은 연봉.
복지 전혀 없음.
내부 조직 체계가 갖춰지지 않아 체계가 없음.
보고를 위한 끝없는 회의.
경영진의 즉흥적인 의사결정.",가장 기본적인 출근 시간 준수에 경영진도 포함된다는 사실을 인지해주길 바람.
2.2,엔바이오니아(주),2019. 04,3점,"""정수기 필터를 독점 납품하는 나름 알짜 기업이라고 인정받으나 명성에 비해 사내 시스템이 아주 취약함. 아직 갈길이 멀음""",본사 내 인원이 적다보니 가족적인 분위기로 직원들끼리 끈끈함. 역과 가까운 곳에 위치하여 출퇴근이 용이하고 야근을 강요하지 않음,주먹구구식의 업무가 많고 대부분 오래 일한 사람들이기 때문에 자기 주장이 강해 협업이 안되는 경우가 있음. 매출액에 비해 사내 복지나 직원에 대한 투자가 거의 없음.,직원들을 위한 합리적인 보상 체계와 개개인을 보기보단 전체적인 직무 체계를 다시 설정할 필요가 있다고 생각함
2.2,엔바이오니아(주),2019. 04,2점,"""기업은 성장하나 근로자는 힘든 곳
근로환경이 좋지않음
커뮤니케이션도 부족""","텃세없음
식사 맛있음
솔직히 장점을 쓰라는데
장점을 쓸게 없네요","작업환경이 좋지않음
분진과 소음
외국인 근로자 다수 대화가 안통함","작업환경에 신경을 좀 써주시길
마스크 작업복등
자기 몸 버리는 줄 알면서
그누가 오랫동안 일할 수 있겠나요"
2.2,엔바이오니아(주),2016. 02,2점,"""필터 연구 개발에는 괜찮은 회사이나, 연봉이 적으며, 잔업이 많다.""",연차를 상사의 눈치없이 쓸수 있다. 개인 시간 활용이 가능하다. 연구개발에 투자를 많이 한다. 승진 기회가 많다.,"복지제도가 없다. 출근시간은 8시 30분이나 퇴근시간은 정해진게 없으며, 연봉이 너무 낮다.",직원들의 물만을 듣지만 말고 반영을 하였으면 좋겠다. 또한 직원들의 의견을 들어주었으면 좋겠다.
2.3,(주)녹십자셀,2022. 09,3점,"""사람들이 좋았습니다. 합병해서 성장가능성은 있어보입니다.""","사람들이 좋았음
명절선물, 생일선물 잘챙겨줌.
시설이 좋습니다",윗사람들이 고인물이 많습니다.. 세포치료제 gmp를 더 향상하려면 타 업계 경력직의 채용도 필요할것 같습니다,신규사업 추진에 적극적인 투자를 지원했습면 좋겠습니다.
2.3,(주)녹십자셀,2022. 08,4점,"""워라벨 좋음 국내 최고의 세포치료제 회사. 지속 성장 중.""",녹십자의 전형적인 워라벨. 맡은 일만 잘하면 됨. 국내 최고 제약사의 자회사로 퇴사 후 이미지 좋음,기존 인력들의 한계가 명백. 어디든 같지만 성장하고 싶은 인력들은 지속 이직 중.,직원이 지속 성장할 수 있고 그에 따른 성과가 마련되어야 합니다.
2.3,(주)녹십자셀,2022. 07,3점,"""녹십자에게 감사합니다
장점 시설 좋다
단점 단일제품의 한계""","연차 자유롭게 사용 가능
시설 혜택
사내 카페 노래방 게임장 등","고인물들 무슨 일을 하는지 모르겠으며
일하는 사람만 일하는 거 같다","연봉이 동종업계 대비 낮은편
연봉 인상률 높여야 한다 진짜"
2.3,(주)녹십자셀,2022. 06,3점,"""사바사 팀바팀이지만 확실히 빡세긴한 기업 그래도 이정도면 만족이였음""",녹십자 자회사라는것이 가장 첫번째 이점이고 확실히 네임밸류,녹십자 울타리는 절대 넘지 못하고 눈치는 당연보게되는듯,그래도 나쁘진 않은 회시였다고 생각합니다 열심히해서 주가상승 기원
2.3,(주)녹십자셀,2022. 05,4점,"""해당분야에 전문성있고 잠재력이 큰 시장에 개척자로서 자부심이 있음""",모기업이 대형 제약사이며 이로 인해 태두리에서 네임밸류가 있음,중장기 관점에서의 업무 추진에 한계 도달. 추가 먹거리 개발에 한계를 경험,직원들 개인의 전문성배양을 바탕으로 함께 문제점을 공유하고 해결하였으면..
2.3,(주)녹십자셀,2022. 04,2점,"""사람들이 많고 성장세가 많은 기업이다.
이전 후 확장을 통해 비전이 있다고봄""","성장세가 장점인 것 같고
부서가 세분화가 되어있어서 업무에 분담이되어있다.","사람들의 유동성이 많다
술을 좋아하는 사람들이 많은 것 같다
군대문화?",경영에 신경을 쓰는게 좋을 것 같다.
2.3,(주)녹십자셀,2022. 04,3점,"""교대근무를 하며 업무강도가 쎄다.
작업소에서 대부분 시간을 보내며 쉴 시간이 많이 없다""","본사와 같이있어 복지가 좋았으나 점점 안좋아지고 있음
건물은 깨끗함",일이 너무 많고 회사가 멀리있어 대중교통으로 출퇴근이 불편하다,일한만큼 보상받을 수 있는 시스템이 도입되었으먼 합니다
2.3,(주)녹십자셀,2022. 04,1점,"""외근 좋아하는 사람에게 추천 딱히 할말이 없다""",월급안밀리고 들어오는것이 장점이라면 장점이랄까? 돈안쓰고 모으고 싶으면 추천,수직적인 문화가 강해서 사회 축소판 군대 개인시간이 아예없어서 워라벨은 꿈도 꾸지못한다,군대 문화를 줄였으면 직접 체험해봐야 알수있기에 경험
2.3,(주)녹십자셀,2022. 03,1점,"""워라밸.커리어 발전1도 없음.자기발전에 도움이 되지 않음.무난하게 다닐만 하지만 오래 다닐 회사는 못 되는것 같음.""",연차를 비교적 눈치 안보고 쓸 수 있음. 녹십자 타이틀로,직원들 복지에 신경을 쓰지 않고 없음.식당밥 정말 맛 없음.,적극적인 직원들의 복지에도 신경 써 주었음 좋겠다. 투자를 좀 더 활발하게 했으면 좋겠다.
2.3,(주)녹십자셀,2022. 03,3점,"""체계가 없고, 일이 너무 많음 소통이 잘 되지 않고 퇴사자 많음""",연차 눈치없이 사용 가능하고 나름 밖에서 봤을때 이름있는 회사,"일이 너무 많고, 책임을 사원들한테 떠넘김, 연봉이 일에 비해 적음","일이 많은 팀한테는 보상제도가 필요하고, 체계를 바꿀 필요가 있음"
2.3,(주)녹십자셀,2022. 03,3점,"""기업의 복지 혜택을 누릴 수 있는 곳 / 통근버스 운영 등""","기업 내 카페가 있어 저렴한 가격으로 음료 구입 가능하며 작지만 휴식 공간이 제공됨
중소기업 청년 내일체움공제 혜택 지원 해줌","잦은 야근으로 인해서 워라밸 유지가 힘듬
퇴근 시간에 몰려오는 업무에 스트레스를 받음","무언가를 말한다고 해서 변화를 보이지 않을 거 같음,,딱히 바라는 점이 없는 이유가 될 것 같음"
2.3,(주)녹십자셀,2022. 03,3점,"""그냥저냥 오래오래 버티면서 다닐만한.회사 인거같음...커리어개발은 힘듬""","녹십자 타이틀, 연차사용 그나마 자유로움, 그이외에 음...생각나는게...없는거같음","낮은연봉, 낮은연봉인상률, 낮은 인센티브, 높은 목표, 일잘하면 목표몰빵느낌",진짜 직원연봉좀 많이올려줬으면 하는바램 점점 낮아지는...연봉인상률....
2.3,(주)녹십자셀,2022. 02,4점,"""부서간 R&R이 명확하지 않아 다양한 일을 해볼 수 있음.""",연차 자유롭게 쓸 수 있음. 셔틀버스 있음. 젊은 분위기.,셔틀을 타지 않으면 출퇴근이 어렵습니다. 근처 역으로는 수시로 셔틀 있어요.,합리적인 보상체계를 마련해주었으면 합니다.
2.3,(주)녹십자셀,2022. 02,3점,"""녹십자 계열사가 아니었다면 앞으로 10년이 안 보이는 기업. 합병으로 전반적인 규모는 커졌으나, 시스템 및 복지는 중소보다도 못하다.""","연차 사용 자유로운 편
수평적 분위기
사내시설(식당 및 카페, 체육관)","초봉도 낮은데 연봉 인상률, 연말 상여도 적게 줌.
뒷 받침 할 시스템이 갖춰지지 않은 상태에서 쫓아가려는 의욕만 앞서서 불필요한 작업이 많음.","GMP 체험 한 번이라도 해보고 인원축소, 인건비 절감 같은 소리 했으면 좋겠습니다."
2.3,(주)녹십자셀,2022. 02,3점,"""항상 뭔가 이상하게 바쁘고 뭔가 억지로 돌아가는 기분이 들어 힘들때가 있음""","회사 내부에서 분위기를 바꿔보려 노력을 한다
휴가 쓰는데는 눈치 보이지 않는 듯 하다
그냥 무난하게 다니기 좋은 듯 하다","근데 안바뀌는 듯하고 복지와 급여가 이름값을 못하는 듯 하고
변화를 주도하나 변화되지 않는 것은 어쩔 수 없는 회사 문화인가 싶다",경영진과 소통이 되는지 모르겠으나 특별히 바라는 것은 없고 연봉이 높다면 오래다닐 수 있지 않을까 한다
2.3,(주)녹십자셀,2022. 01,3점,"""부바부 일 하는 부서만 일하는 곳 경력이 쌓이질 않는곳 다른데서 활용할 경력을 쌓을 수 없어요""",녹십자의 복지를 제법 많이 따라간다는 것. 또한 생각 없이 일 할 수 있는곳 머리 쓸 필요없고 몸만 굴리면 돈이 들어옴,청정 등급이 높아서 방진복을 3겹이나 입어야하고 차압 또한 높아서 몸이 늘 무겁고 만성 피로가 따라온다,일 하는 곳만 일하는건 억울합니다 많이 하는 만큼 보상이 필요해요
2.3,(주)녹십자셀,2022. 01,3점,"""합병되면서 두고봐야겠지만 앞으로 매출은 글쎄...약이 한개라서""",녹십자 본사에 같이 있어서 복지 함께 누림 식당 크고 결혼식장 이용가능,"어찌됐든 녹십자 자회사, 제약회사 특성일 수 있지만 수직적인 조직문화",단일품목 의존도가 언제까지 지속될지... 품목 다양화나 신사업이 필요해보입니다
2.3,(주)녹십자셀,2022. 01,1점,"""스스로의 가치를 평균 이하로 맞출 수 있는 곳, 영양가 있는 경력 쌓기 힘들다.""","사원-대리급 까지는 연령대가 비슷해서 소통이 원활하다. 녹십자 계열사라고 복지는 맞춰주는 편. 연차사용 자유로운 편(진리의 팀바팀은 존재). 다양한 업무 체험 가능. 출산휴가, 육아휴직 보장돼서 기혼자에겐 좋은 회사라 생각됨.","1. 전문성을 기르기 힘들다 : 전문가가 있어야 전문성을 쌓을텐데.. 딱 직무체험 수준에서 멈춘다. 경력직을 들여와도 그들의 경험을 따라 발전시키지 않고 셀화 시킨다. 박힌돌의 파급력은 무적이다.

2. 낮은 연봉 : 상상 이상 낮음. 제약사 평균 연봉 생각하면 안되고 세포치료제 업계안에서는 평이하다. 용인 집값과 대중교통 이용 까다로운 회사의 위치 생각하면 글쎄..

3. 품목 자체의 한계 : 공정 특성상 원가가 높다. 자동화가 어려워 인건비의 비율이 압도적으로 높다. 쉽게말해 매출의 성장과 회사의 퀄리티는 별개다. GMP 수준은 자본력과 비례한다는 관점에서 이 곳의 한계는 분명하다. 회사는 성장하는 중이나 그 속도에 맞춰간다? 이직 시장에서 뒤쳐진다는 소리임. 똑같은 세포치료제 업계에 머문다면 별개지만.

4. 빡셈과 경험치는 별개임 : 경험에도 질이있다. 빡세지만 그만큼의 성과를 얻으면 고생할만 하다. 고생은 고생대로하고 내세울 것도 없는 짬만 쌓인다? 시스템의 허술함을 사람 갈아 채운다? 근데 벌이도 별로다? 더 있을 이유가 없는겁니다.",이뤄질만 해야 뭘 바랄텐데.. 그냥 있던 복지라도 유지시켜주셨으면 합니다.
2.3,(주)녹십자셀,2022. 01,2점,"""본인이 성과를 많이 보여준다면 기회는 주어지는 편, 그렇지만 군대식 상하관계는 있는편.""","처음 업무를 익히는 데 시간이 걸리긴 하지만 업무만 익히면 일 자체는 편하다. 본인이 능력이 있다고 생각하고, 그 성과를 보여준다면 먼저 입사한 사람보다 승진을 빨리할 수 있다.","일하는 곳 마다 차이는 있겠지만, 근무 시간이 길며 군대식 상하구조가 있는 편, 자유롭지 않은 연차사용",직원들의 불만을 잘 듣고 해결해주며 군대식 문화를 없애줬으면 좋겠다.
2.3,(주)녹십자셀,2022. 01,2점,"""비전은 좋아서 지원했으나 직원들이 많아서 뒷말이 너무 심함""",비전이 좋음 회사가 몰려있는 가산디지털단지에 위치해 있음,장점 빼고 전부 다..? 비전 좋은거 빼고는 막상 회사 들어가보면 퇴사생각 절로남,사람 관리에 신경써야 할 듯 그리고 부리는 만큼 돈주면 사람들이 안버틸 이유가 없음
2.3,(주)녹십자셀,2022. 01,3점,"""타기업으로이직전 여러가지 일을배울 수 있는 기회가있으나 기업문화가좋진않음""",부바부지만 선임이 괜히 선임이아님. 본인의경우 배울점이 매우많았음,엄격한꼰대식 딱딱한 기업문화. 수직적구조. 누구하나 실수라도하면 쥐잡듯잡음,"직원들소리를 한귀로 듣지말고 시행해 개선시켜줬으면, 동급 or 이상의 동종계열 기업 수준의복지를 갖추어 인재유출방지를 위해힘썻으면"
2.3,(주)녹십자셀,2021. 12,1점,"""이름만 녹십자 붙어있는 녹십짜셀
건물만 번지르르하지….""",사원에서 대리급 직원끼리 분위기 좋고 니 일 내 일 구분없이 서로 돕는 분위기. 특정날마다 계란 나눠줌. 명절선물. 깨끗한 건물 및 시설.,교통 매우 불편함. 하루종일 현장에서 갈려서 일함. 주말출근 필수. 낮은 연봉.,아무리 떠들어봤자 뭐 아무 의미없으니 말 아낄게요…..
2.3,(주)녹십자셀,2021. 10,3점,"""전반적으로 무난. 적당한 급여. 적당한 업무량. 적당한 업무강도""",열심히 일하면 워라벨은 보장 받을 수 있다. 그렇다고 일에 치이는 수준은 아님,모든 일에 상급자가 관여하려고 함. 모든 업무를 통제하에 시간별로 보고,중간관리자들의 나태함. 서로간의 밑에 직원들을 이간질시킴
2.3,(주)녹십자셀,2021. 10,1점,"""녹십자 타이틀만 얻었을 뿐 규모는 그저 그런 중소기업인지라 체계란게 없음""","녹십자의 휴가시스템 도입해서 다같이 쉬는 날이 지정되어 있음
(단, 제조부서의 경우 별도)","주먹구구의 끝판왕으로 팀 내부적으로 히스토리가 연계가 안 되어 있고
특정 인원만 일하고 말단 직원들은 뭐하는지 의심스러울 정도의 업무분장",회장님한테 잘 보이려고만 하시지 말고 직원들 생각도 좀 해주시길
2.3,(주)녹십자셀,2021. 10,1점,"""녹십자는 좋아도 셀은 아니다!! 셀은 중소기업 수준 연봉도 낮음""","직원 식당이 크고 좋음, 녹십자 계열사들이 다 모여있음","사람 개 무시함, 연차못씀, 야근강요, 연봉 짬, 교통불편",주52시간에 워라벨 신경 써주세요 야근을 맨날하는게 말이 됍니까?
2.3,(주)녹십자셀,2021. 10,3점,"""안정적인 회사 생활을 하고 싶은 사람에게 추천""","자유로운 연월차 사용, 연말 상여금, 명절 선물, 크리스마스 선물, 녹십자 의약품 직원가 구매 가능","입사 시에 연봉 협상 불가, 타사 대비 연봉이 낮고, 직급도 깎는 편",제대로 된 직급과 연봉으로 대우해주면 좋겠음
2.3,(주)녹십자셀,2021. 10,4점,"""세포배양을 직접접으로 해보고 싶다면 추천하는 곳, 대기업 수준의 복지를 누릴수 있는 곳""","회사 이전 이후 복지가 굉장히 좋음, 녹십자 본사와 같은 복지
대부분 사람들이 착하고 서로 돕는 분위기가 있음, 녹십자 계열사라 주변 사람들의 평판이 좋음, 평균 연령이 20대 중후반~30대 초반인 젊은 회사","Live cell 배양이기 때문에 주기적으로 관리를 해줘야함, 그로인해 발생하는 야근과 주말근무가 잦음, 휴가 사용 자체는 눈치보지 않지만 한명 빠질때 일이 많이 늘어나기 때문에 스스로 휴가쓰기 부담스러움, 업무강도에 비해 연봉이 많지 않음","잦은 주말출근으로 퇴사를 하는 사원이 많아 신규사원을 최근 많이 뽑음. 하지만 신규사원들도 2~3년 안에 많이 퇴사함, 차라리 인원을 더 늘려서 주 5일제 보장을 해주는게 나은듯함"
2.3,(주)녹십자셀,2021. 09,2점,"""국내 세포치료제 1위 기업, 동종업계에서는 gmp가 잘되어있는것같다""",세포치료제 업계에서 top급이라 동종업계 이직시 자부심가질 수있음,아직도 그런진 모르겠지만.. 윗선에서 생산쪽을 무시하는 경향이있어서 동기부여가 부족했었다.,직원들 소리에 귀기울여주시고 좋은 기업문화 만드시길 바랍니다.
2.3,(주)녹십자셀,2021. 09,1점,"""능력없는 윗사람 중간 직급 없이 신입에게 모든 일을 두서 없이 시킴""","녹십자라는 대기업의 자회사
회사 식당 회사 카페 있음.",비효율적인 업무 지시. 시키는 사람도 무슨 일을 시키는지 이해못함.,직원들의 이야기를 들었으면 좋겠다. 내부에서는 다 알고 있는데 모른척함
2.3,(주)녹십자셀,2021. 08,2점,"""사회생활이 뭔지 알고 싶다면 적극 추천""",눈치안보고 연차 자유롭게 쓸 수 있으나 이것도 부바부. 팀별 도서구입비 지원.,"주먹구구식 비효율적 일처리 시스템, 까라면 까야하는 꼰대문화, 책임 떠넘기기",이직율이 높은 데는 이유가 있을 것. 안되면 되게하라는 쌍팔년도식 일처리는 이제 그만. 모든 상황을 합리적으로 고려할 필요있음.
2.3,(주)녹십자셀,2021. 08,3점,"""사람들이 좋으면 많이 배울수 있는곳. 출퇴근하기 좋은 위치.""","- 업무적으로 많이 배울수 있음
- 다양한 시험을 배울수 있음","- 복지가 많지 않음
- 업무 공간 부족
- 업무량 많음","- 업무적인 개선과 탄력근무제 시행
- 성과 및 연봉 인상 개선"
2.3,(주)녹십자셀,2021. 08,1점,"""사람나가는거 절대 안잡음.노예처럼 부려먹고 나간다 그럼 쿨하게 버림. 덕분에 조직도에서 대리 이상급 찾기가 힘듦.""","밥주는거 빼고 장점이 없다………셔틀있는거, 샌드위치 휴가 모두 쉬는거 근데 제조업체 특성상 다쉬는것도 아님","연봉이 업계 최하위, 워라벨 하나만 보고 다니기엔 열악한 근무환경(특히 팀장 및 본부장들의 수준이 낮아도 너무 낮음..) 인력이 곧 회사의 강점이 될텐데 자기네들 밥그릇 챙기기도 바빠 나가거나 말거나 사람은 또 뽑으면 된다는 마인드가 회사를 말아먹고 있음.",상사평가는 대체 왜자꾸 하는거죠? 비밀도 보장안되고 개무시하면서 귀찮게 왜 하라고 합니까?
2.3,(주)녹십자셀,2021. 08,4점,"""제품은 하나였지만 국내 유일한 제품을 생산하는 자부심을 가질 수 있다""",윗사람과 트러블이 없다면 편하게 오래 다닐 수 있고 일을 잘 해 보일수 있다,제품이 하나여서 제품이 문제가 생긴다면 전직원의 앞날이 불투명 해질수도 있음,영업이익이 높다면 꼭 세포치료제가 아니어도 일단 안정적으로 갈 수 있는 제품을 가지고 왔음 좋겠습니다
2.3,(주)녹십자셀,2021. 08,2점,"""일하는사람만 일함 체계가 없음
복지도 없고 아떻게 회사가 돌아가는지 의아함""","밥이 잘나온다 녹십자 따라하는 말뿐인 녹십자 셀
카페있음 조경만 겁나 잘해놓음","인센 연봉 노동력으로 봤을땐 너무한 회사
윗사람들이 능력이 없다","너무 돈 돈 돈 하지말고 직원들 복지터 생각해주세요
앞으로 전망이 눈에 훤이 보이네요"
2.3,(주)녹십자셀,2021. 08,2점,"""사회초년생이 기본기를 쌓기엔 좋은 기업. 네임드가 있어보이지만 현실은 중소기업 굴레.""",전문기관에서의 무료 건강검진(1년). 사내식당 밥이 3종류. 헬스장(월만원) 게임장 있음. 사내카페 2군데 있음(한곳은 동계휴업).제조쪽은 월급만큼의 상여가 나오기도함. 휴가 자유(단 휴가로인한 일밀림 본인 감수),"휴게공간 극히 적음(차있는사람 차에서 쉼). 실내주차공간 완전 협소, 임원진 지정 주차공간이 너무 많은 것도 있지만 주자창 공간을 너무 비효율적으로 활용. 팀장급(40대이상) 고집과 아집이 아래사람들(2,30대)을 힘들게함. 쓸데업는 업무 절차가 너무 많음(효율 최악).
업무가 부서별로 분배되어있지 않아서 웬만한 업무는 다 할 줄 알아야함.이걸 왜 내가해야되?하는 업무들이 들어옴",제발 아랫사람들 고충을 들어주시고 반영해주세요. 회사경영이니 본인들의 밥줄만 생각해서 아랫사람들 생각 묵살하시지 마시구요
2.3,(주)녹십자셀,2021. 08,4점,"""일을 해도해도 끝이없는 일하기 좋아하는 사람들에게 좋은직장.""","사람들이 젊음, 시간이 지날수록 아는 새로운 얼굴을 많이 볼 수 있음. 식대지원, 셔틀버스 운행. 야근수당 잘챙겨줌.",중간관리자급이 많이 없음. 사람손이 꼭필요한 작업이라 작업자 노동강도가 적지 않음.,직원들의 불만을 듣고 해결해줄 수 있으면 좋겠음. 회사가 조금더 공간이 많아지면 좋겠음.
2.3,(주)녹십자셀,2021. 07,2점,"""아직은 많이 부족한 회사임이 분명함. 좀더 큰 회사로 가보니 이 회사가 얼마나 체계가 안잡혀있고 엉망으로 굴러갔는지 체감됨.""","- 연차 자유
- 연봉 외 복지는 좋음(셔틀, 식사, 명절선물 등)
- 팀바팀이지만 대체적으로 젊고 분위기는 좋음","- 경영진의 직원에 대한 배려 및 태도가 너무 안좋음. 제조팀이 얼마나 힘들게 근무하는지, 어떤스케줄로 업무를 담당하며 회사가 굴러가고 있는지 1도 관심없고 그저 제품 출하만을 신경씀. 사람을 그냥 소모품으로 보는 느낌이며, 다시뽑으면 된다는 마인드가 강한것으로 보임
- 연봉 엄청 낮음. 여러분들이 생각하는것보다 더 낮음. 신입 연봉도 낮은데, 상승폭도 낮음. 연봉 끔찍함.","제발 GMP 에서 고생하는 인원들 생각좀 해주시고, 고생에 걸맞는 대우를 해주셨음 합니다. 왜 팀원들이 지속적으로 퇴사를 하는지, 퇴사율이 이렇게 높은지 돌아봐주셨음합니다."
2.3,(주)녹십자셀,2021. 07,1점,"""현직자의 귀를 기울여주지 않는 경영진과 팀장들이 못박고 있어 개선이 될 거 같지않음""",도서구입비. 녹십자 본사 직원인척 행세 할 수있다. 밥이 두가지 종류가 나온다,단순보고를 위한 문서작업이 굉장히많다 주먹구구식 일처리,직원에게 귀를 기울여 주고 팀장평가를 해도 변함이 없는 느낀이 들지않게 그에맞는 조치를 취해 주길 바람
2.3,(주)녹십자셀,2021. 07,4점,"""오리지날 제품으로 인해 경쟁사가 없으며, 세포치료제의 전문성을 갖춘기업""","오리지날 제품으로 인해 경쟁사가 없으며, 세포치료제의 전문성을 갖춘기업

복지체계가 좋다.","동종업계에 비해 연봉이 다소 낮으며, 연봉상승률이 다소 아쉽다.","단일제품으로만 매출과 이익을 남기기엔 전망이 불안하며,
고객의 니즈를 파악하여,
제품력의 보강과 신약개발이 시급할것으로 보입니다."
2.3,(주)녹십자셀,2021. 07,3점,"""적당한 만족과 적당한 경력을 쌓을 수 있음""",이력서에 써 넣을 수 있는 중견기업으로 나름의 메리트도 있는 것 같음,연봉이 원하는 만큼은 책정되지 않지만 주변에 살면 충분히 다닐 수 있음,적극적으로 사내 문화에 있어서 젊은 사람들을 이해해주길 바람
2.3,(주)녹십자셀,2021. 07,4점,"""모기업이 녹십자인것이 큰 장점. 하지만 녹십자셀 자체만 보아서는 안정적인 기업은 아니라고 봄""",부서마다 다르겠지만 연차 눈치안보고 쓸 수있고 워라벨이 괜찮은 편임,고인물이 많음. 기업마인드 자체가 꼰대. 잦은 징계공지는 직원들을 불안하게함. 그것이 기업에서는 직원을 다스리는 방법이라고 할 수있겠으나 과연 긍정적인 영향을 미치는지는 모르겠음. 없던 애사심도 떨어짐.,매년 상급자평가를 진행하는데 왜하는지 의문임. 제발 평가를 읽고 개선할 부분은 개선하는 척이라도 해줬으면 좋겠음
2.3,(주)녹십자셀,2021. 07,2점,"""워라밸은 좋습니다 구내식당 이용 가능하고 헬스장 있습니다
그러나 나아가고 있는건지 잘 모르겠습니다""",워라밸이 좋은 편이다 그리고 구내 식당 있어 식사비 나갈 일 없고 카페도 저렴한 편이다 주변에 뭐 없어서 돈 나갈일이 없다,제품이 하나다 매출의 한계가 있을 거 같다 시스템이 없다 부서간 역할 및 책임이 불분명하다 그냥 한번 해봤으면 임자다,회사가 발전되고 있음을 느꼈으면 좋겠도 어떤 방향성이 있는지 궁금하다
2.3,(주)녹십자셀,2021. 07,4점,"""녹십자 계열사이며 건물이 깨끗하고 예쁩니다. 코스피 상장 기업""","아무래도 녹십자 계열사인게 가장 장점이고,항암면역세포치료제 유일 기업입니다",제품 특성상 연장근무가 있을수도 있습니다.지인은 제조팀에서 근무하는데 제조팀도 연장근무 있다고 들었습니다,항암면역세포치료제와 더불어서 새로운 치료제가 나왔으면 합니다.
2.3,(주)녹십자셀,2021. 07,3점,"""신입이 다니면 좋은 곳 인거 같다. 경력직은 비추""",복지가 좋다. 사내 문화가 대부분 젊다. 그 밖에 장점은 생각 나지 않는다.,무언가 무책임하고 눈치를 본의 아니게 받게 된다. 그 밖에 단점은 생각 나지 않는다.,너무 급하게 독촉하지 않았음 좋겠다.
2.3,(주)녹십자셀,2021. 06,5점,"""워라벨 지킬수 있는곳 밥도 맛있음 통근버스 있음 명절선물에 pi나옴""",연구를 중점으로 하는 회사 사람들이 자부심도 있고 위치가 좋다,고인물이 몇 있지만 사람들이 다 좋다 연봉이 조금적은고 빼면 다 좋음,좋은 리더를 뽑아주세요 우리가 따를 수 있게 부탁드립니다
2.3,(주)녹십자셀,2021. 06,4점,"""녹십자와는 다른 계열이기는 하지만 용인에 함께 하고 있어 복지가 비슷하게 흘러간다.""",계속적으로 발전할 수 있는 기회가 있는 회사이다. 자연과 함께해서 좋다,몇몇 물 흐리는 인원이 문제이긴 하지만 대체적으로 괜찮다.,명확한 비전을 제시하고 직원들 입장에서 조금더 생각해 주시면 좋을 듯 합니다.
2.3,(주)녹십자셀,2021. 06,3점,"""빡세긴 하나 배울 게 많고 팀끼리 으쌰으쌰하는 분위기임""",흠 장점은 굳이 뽑자면 녹십자 자회사라 그에 맞는 복지를 주려 노력하는점…?,6일근무….야근…. 장시간 gmp업무…. 오래다니기 힘든 회사 일한거에 비해 적은 연봉,사람을 더 뽑고 업무를 줄이거나 연봉을 올려주어야함…힘들어서 많이 나갑니더
2.3,(주)녹십자셀,2021. 06,3점,"""일하는사람은 적은데 일과야근은 많은 회사""",매해마다 주는 창립기념일 선물 추석 설날 선물세트 밖에 장점이라고 말할거밖에 없는듯,"단점은 일단 너무 많아서 다 쓰지도 못할듯
업무할때 상호 의사소통이 안됨
하는 일이 주말에도 무조건 나와야함
하는 일에 비해 월급이 월등히 적음",사원들만 풀야근에 일이 죽어라 많은 회사 개선되어야 합니다
2.3,(주)녹십자셀,2021. 06,4점,"""빠른 의사결정과 전체적으로 젋은 분위기""",현재 성장가능성이 많으며 인력 증원이 계속적으로 진행되고 있음 미래 바이오산업의 큰 축을 담당할 것으로 판단,"근무지 접근성이 아직은 약간 부족한 상황, 10개 노선의 출퇴근 버스도 있지만 대중교통은 마을버스2개 노선, 약 1km 거리의 지하철 외에는 자차로 출근을 해야 되는 상황",전 직원들이 한 방향을 바라보고 같이 나갈 수 있도록 많은 소통 바랍니다
2.3,(주)녹십자셀,2021. 06,1점,"""가장 중요한 GMP 인원을 가장 무시하는 회사
사무직이면 추천하지만 GMP 인원이면 딴 곳 추천""","녹십자 계열사라서 복리후생이 괜찮음
출퇴근 셔틀버스가 있음
팀 분위기 좋음
수당 다 챙겨줌","녹십자 계열사지만 연봉은 본사와 다름
출퇴근 셔틀버스가 있지만 근무조가 다르면 이용 못함
회사 분위기는 약간 보수적임
수당을 챙겨주지만 휴일출근이 필수임
*중요*
사무실 자리가 없음 (제조 및 품질관리)
만들어 줄 생각조차 없음
선심쓰듯 오픈된 공용 오피스를 주고선 지적질은 오짐
윗선이 GMP의 G자도 모르는거 같음
그렇지 않고서야 다른 업체들도 지나다니는 오픈된 곳에서
GMP 문서업무를 하라고 할 수가 없음
자리 깨끗이 쓰라고 하기전에 제대로 된 자리부터 주시길","가장 가장 가장 기본이고 당연한 거인 사무실 자리부터 마련해주고 직원들한테 뭐라고 했으면 좋겠음 기본부터 안해주면서 사사건건 지적만 한들 머리에 들어오겠음? 자기들만 넓은 자리 쓰는데 그 자리만 비워도 몇십명 자리는 나올거 같음
GMP 인원들 자리 줘봤자 자리에 잘 없다고 안 주는 생각은 누구 머리에서 나온건지도 궁금함 그럼 GMP 인원이 GMP에서 일한 다음에 자리에 와서 문서업무하는거지 하루종일 자리에 앉아서 일하기를 바라는거임? 사무직이 아닌데? 생각을 좀 하세요"
2.3,(주)녹십자셀,2021. 06,3점,"""세포치료제 업계치고는 다양한 경험을 해볼수 있으나 아직까진 중소기업의 틀에서 벗어나지 못함""","생일 조기퇴근, 건강검진 등 다양한 복지가 제공됨
연차 사용이 자유로운 분위기
지은지 얼마 안되어 건물 외관이 멋짐","연봉이 몹시 낮고 인상율도 낮음
계열사라고는 하나 녹십자에서 찬밥신세
임원 팀장 전부 전문성이 떨어짐","회사와 함께 직원들이 발전해나갈 수 있는 방향을 생각해줬으면 함
형평성에 맞게 합리적으로 연봉 고려 해주길 바람"
2.3,(주)녹십자셀,2021. 05,5점,"""젊은 사람들이 다니기 좋은 분위기는 아님""",윗사람들 눈치 안보고 연차 쓸 수 있음. 출퇴근 시간이 압박되지 않음. 자유로운 의견을 내밀 수 는 있으나 받아들여지지는..,주먹구구식. 말을 해도 안들음. 그냥 윗사람 말이 최고,직원들의 불만을 귀 담아듣고 해결책도 같이 찾아줬으면
2.3,(주)녹십자셀,2021. 05,3점,"""바이오 품질 쪽이나 GMP 에 대해 체계적으로 배우고 싶다면 추천""","기업이 작지는 않고, 오래되서 보고체계등은 생각보다 제대로 되어있긴 함.","칼퇴가 힘들며, 군대 문화가 있음. 여자들이 많음. 시험도 있음.",너무 사람을 쪼이는 문화는 없어졌는지 궁금하다.
2.3,(주)녹십자셀,2021. 05,3점,"""아직 신입이라 잘 모르겠지만 젊을 때는 일하기 괜찮지만 나이들면 힘들것 같은 느낌""",셔틀버스가 있어서 집과의 거리가 멀어도 조금 편하게 출퇴근이 가능하다. 회사가 깔끔하고 주변 환경이 쾌적?하다,직무특성상 일하는 시간이 긴 것 같다. 현재는 주 6일 근무하는걸 지켜보는데 힘들어보인다.,인원을 충분하게 많이 뽑았으면 좋겠다.
2.3,(주)녹십자셀,2021. 05,2점,"""복지는 정말 최고임 근데 박봉임.. 물경력 쌓고싶으신 분 오세요""","셔틀버스 운행, 근로자의날 크리스마스 선물 등 복지 하나는 최고임",연봉 진짜 박봉임 내부 비리도 많은 것 같고 상사가 능력이 없음 뭘 배울 수 있는 게 없는 회사,예산초과좀 그만 하세요.. ㅎㅎ 법인카드 이상한 곳에 좀 안쓰셨으면
2.3,(주)녹십자셀,2021. 05,3점,"""나쁘지않아요 ㅎㅎ현실에 타협하면 다닐만한 회사!ㅎㅎㅎㅎㅎㅎㅎㅎ""",젊은 회사라 분위기가 좋고 일하는게 즐거운 느낌. 막 입사한 신입분들이 적응하기 좋은 회사,직원을 일회용품처럼 취급하는 윗사람들때문에 정이 떨어짐.,본인들만 배채우지말고 직원들 생각좀 해주세요. 무슨 경력자 1명 나가면 신입 3명뽑아서 채우면된다는 생각은 누구 뇌세포에서 방출된건지..
2.3,(주)녹십자셀,2021. 04,4점,"""녹십자계열사로 국내 탑급 세포치료제 회사""","용인이전 후 시설,복지,체계가 잡혀가는게 보인다
좋아진 시설과 연봉으로 우수한 사원들을 채용해
물갈이가 되어가는 중","-대기업계열사치고 연봉이 낮은편
-단일제품의 한계점
-성과금이....","단일제품의 한계점을 극복하기 위해
제품개발에 박차를 가하시길..................."
2.3,(주)녹십자셀,2021. 04,3점,"""시설좋고 환경좋고 경치좋지만 발전이 필요합니다 사람을 존중해주세요""","경치가 좋아 산책하기 좋음
식당깔끔
시설좋음
녹십자 복지수준","교통편이 불편하여 출퇴근 및 야근 시 힘들다
식당 밥이 맛이 없다
돈이 짜다","직원을 귀하게 대하고 존중이 필요합니다
막굴리면 다쳐요"
2.3,(주)녹십자셀,2021. 04,3점,"""용인 이전이 과연 득일까요 실일까요......""","연차 사용 자유로움
복지(건강검진, 기념일 선물) 좋음","교통편 불편
필요한 곳에는 사람이 없고 머하나 싶은 팀만 많음",고생하는 팀에 대한 적극적인 지원 부탁드립니다
2.3,(주)녹십자셀,2021. 04,2점,"""주말이 갈려나가는 기업. 부서 별 특성 고려 안해주는 기업""","밥 마음대로 퍼먹을 수 있다. 국 더달라면 더 준다. 반찬 많이 먹어도 된다.
건물 깨끗하다. 밥먹고 산책 가능하다.",기본적인 업무요건이 부족하다. 자리부터 컴퓨터까지도 부족하다. 하지만 보충해줄 생각도 없다.,부서 별 특성 좀 고려해주세요. 세상에 사무실 컴퓨터 등 기본적이 환경도 없는 회사원이라뇨.. 스타트업도 아니고 그래도 그래도 그래도 녹십자 간판 달고있는데....
2.3,(주)녹십자셀,2021. 03,2점,"""셔틀버스 운행, 설 선물등, 생일 상품권, 생일 조기퇴근""","일을 못해도 안해도 누구하나 말 한마디 못한다.
그냥 하고 싶은대로 하면 된다. 모든팀이 동일하다.","사무실은 언제 생기는 것인지 사람지나다니는 복도에 자리를 준다

QA는 뭐하는 팀인지 타팀에서 정한것 취합하고 결정 못해서 각자 팀에서 결정해야하는곳. 어떤일도 맡아서 하지 않는곳
인원이 많아서 반은 놀고 있는 팀
제조 품질인원보다 QA인원이 더 많아질것 같다

연봉이 낮다. 가끔 챙겨주는 상여금","생산은 본부장 바뀌고 신경써주는게 확실히 달라졌습니다.
누군가 챙겨줄 사람이 필요할듯 합니다."
2.3,(주)녹십자셀,2021. 03,4점,"""개인적으로 면접연락이 오고 용인에 녹십자셀 건물에서 면접이 이루어집니다.""",건물이 좋고 용인에 있어 교통이 그나마 괜찮은 편이다. 직원들 성격이 좋은 편이라고 생각한다.,연봉이 짠편이라는 것이 단점인 것 같다. 업무가 어려운 편이다.,업무의 효율성이 더 좋아지면 좋겠다. 복지가 더 좋아지면 좋겠다.
2.3,(주)녹십자셀,2021. 03,3점,"""겉모습이 전부가 아니다, 번지르르한 건물과는 비교되는 체계""","1. 밥이 맛있음(3가지 종류 중 하나 고를수있음)
2. 녹십자의 복지를 따라가는 중",문서 작업은 정말 많지만 품질관리의 경우엔 사무실조차 없어 일처리가 힘듦. 셔틀버스가 정각마다 운행해서 퇴근을 해도 타지를 못함,직원들의 의견에 귀를 기울여 경청하고 수용하는 자세를 지녔음 좋겠다
2.3,(주)녹십자셀,2021. 03,1점,"""능력없는 책임자들 덕분에 직원들이 꾸역꾸역 먹여 살리는 회사""","-본사 옆에 가더니 본사에 비슷하게 따라가는 복지는 바이오 계열에서 좋은 수준
(연 1회 건강검진, 경조사 지원, 생일 축하금, 명절 선물, 중,석식 지원 등)
-근속 연수 채우면 큰 문제없이 승진
-동종 업계에서는 평균 보다 높은 급여(업무량에 비하면 안 많음)","복지 몇 가지 있는 거 빼고는 다 단점인 정말 대단한 회사
-승진 후 정말 다 내려놓은 이름은 책임자인데 무책임의 끝판왕인 관리자들 덕분에 사원, 몇몇 대리 급은 숨만 쉬고 일만 함
-입사와 퇴사가 한달안에 10명이상 이루어지는 회사
-주 52시간은 안 넘기는데 일요일은 출근해야 하는 회사
-잦은 입,퇴사의 문제점을 사원들의 인내심 부족이라고만 하는 근본적인 원인을 찾을 생각 없는 회사
-연장수당, 휴일수당을 포함하는 급여는 본인이 날짜 잘 챙겨놓고 찾아 먹어야 함(경영은...무얼 하는 건지....;;)
-사무실, 시스템도 제대로 갖추어 지기 전 무계획속의 이전이 이루어진지 몇 개월이 지났지만 여전히 본인 자리도 없고 서류 업무할 시간도 없고 그냥 gmp에서 제조만 합니다","단일 품목으로의 수익은 한계가 있을 겁니다. 개발에 더욱 정진하시길 바라며...
제조가 안 만들면 팔게 없고 안 팔면 돈 못 법니다. 제대로 된 사무실도 못 갖춰놓고 쉴 공간도 없는데 문서 업무까지 바라실 거면 연봉을 더 올려주셔야 할겁니다"
2.3,(주)녹십자셀,2021. 02,2점,"""커나가는 기업으로 주먹구구식으로 일했다.""",열심히하면 그만큼 보상이있었음. 열심히 일하는사람반 안하는사람반,체계가없고 사내정치 심함. 회식이 많음. 회식강요 분위기,예전에 다녔던터라 지금은 어떤지몰라 할말이 없음.
2.3,(주)녹십자셀,2021. 02,3점,"""급여 및 복지수준은 업계중간, 비전은 딱히 보이지 않음""",녹십자 행세가능. 급여및복지수준 나쁘지않음. 제품이 한개지만 고객 수요가 많음.,제품딸랑한개. 그마저도 적응증 확대 못하고 있음. 비급여에서 급여 전환도 안됨. 하고 있는게 없는 회사. 임상도 진행할 돈도 없고.... 미래 비전 안보임,"제발 적응증 확대라도 해주세요. 급여는 바라지도 않아요
제품이 좋아야 판매를 할 거 아닙니까 10년동안 변화가 없는약을 팔라니.."
2.3,(주)녹십자셀,2021. 02,2점,"""여러가지를 배울수있음. 일의 경험, 다양한 사람경험 등""","업무특성상 주말근무, 야근등이 생길수있다. 주6일근무 제도",퇴사자가 많으니 면담은 많이 하지만 듣는사람이 없다.,우리팀은 계속 팀 합치자고 하는데 왜 그런지 생각해보셨으면 합니다.
2.3,(주)녹십자셀,2021. 02,3점,"""여러가지 것들에서 많은 것들을 배울 수 있음""",여러가지 측면에서 배울 것이 참 많음 복지는 좋음 회사 이름에서 오는 가치,너무 일이 많음 쓸데없는 문서 업무 양이 너무 많음 하청업체 쓰지 마세요,사람을 뽑아주세요 사람이 부족합니다 출근시간을 당길거면 택시비라도 주세요
2.3,(주)녹십자셀,2021. 02,4점,"""외관 좋음, 복지 좋음. 대기업 계열사""","녹십자와 붙어있으며 깔끔하고 복지가 좋다.
점심/저녁제공되어 자취하는 사람들에게 좋은 듯 하다.",업무 지식이 없어도 금방 배워서 할 수 있는 정도로 업무가 단순하다. 사무실이 없다.,초대졸 사원도 실험을 할 수 있으면 좋겠다.
2.3,(주)녹십자셀,2021. 02,3점,"""희귀의약품 및 다각화 사업, 바이오 기술에 투자중인 강소기업""",강소기업이지만 녹십자 네임드를 가지고 있어 전망있는 기업,"세포치료제 특성상 조기근무,야간근무,주말근무가 존재한다",앞으로 세포치료제 시장의 1위가 되었으면 좋겠습니다!!
2.3,(주)녹십자셀,2021. 01,4점,"""업계 2위 경쟁력이있는 회사 코로나로인해 매출이 높아짐""",주간에는 혼자서 일을해야하므로 스스로 스케쥴을 짜서 자유도가 높다,군대식문화 무조건 막내 일감몰아주기 눈치를 많이봐야한다,군대식문화 회식문화등을 줄이고 집에 일찍 갈수있도록 한다
2.3,(주)녹십자셀,2021. 01,3점,"""일많음, 야근및당직으로 부족한월급올림, 복지 나쁘지않음""","근로자의날 명절 생일등 선물 잘챙겨줌 + 건강검진
직원들 연령이 낮아서 분위기가 좋음
생산량이 꾸준히 상승세
규모가 작아서 많이 배움
본사옆건물로 이사함","직원들의 워라벨은 아웃오브안중. 제품만 나가면 된다고 생각함
노력과 성과에 대한 보상이 공정하게 이루어지지 않음
롤모델로 닮고 싶은 상사가없음, 고인물 절때 안빠짐
퇴사자가많아서 금방 위로감. 책임과 일은 나의 것, 권리는 남의 것
단일 제품","기계가 아니라 사람이 일하는 곳임을 깨우치길
인건비 한푼한푼 줄이려고 노력하지마세요.
경영진들이 집가서 가족들과 저녁 먹고 주말을 보내는게 일상이듯이 직원들에게도 가족과 친구가 있음을 알아주길바랍니다."
2.3,(주)녹십자셀,2021. 01,2점,"""팀마다 다르고 힘든곳은 계속 힘들고 편한곳은 계속 편하다.
그래도 한땐 배려해주는게 느껴졌는데 지금은...""","셔틀버스 이용, 세포치료제 중 상워권 회사, 점심,저녁 제공, 연말인센티브 제공(본부별상이)","워라벨 없음. 주6일 근무 제도. 일이 힘든 제조 품질에서 퇴사자도 없는 QA로 매년 1-2명씩 데려감(이유는 다양함) 벌써 몇년째 일어나고 있음
제조, 품질은 연장근무하고 신입뽑고 교육하고 퇴사하고 반복되는 패턴
근무시간이 다양함. 제조,품질은 매달 퇴사 중.
일이 힘들어서 QA로 못가면 퇴사하는 일들이 발생함.
인센티브를 본부별로 줘서 칼퇴, 칼출근만해도 받아가는 팀이 생김.","경영진들의 한때는 신경써주는 부분이 있었으나 현재는 없어진 것 같고. 해당 팀의 본부장이 누구냐에 따라 달라지는듯 하다.
매달 연장근무는 연말이 아닌 월별로 주는게 좋을듯 합니다.(경영도 우리도 계산이 안되요)"
2.3,(주)녹십자셀,2021. 01,2점,"""수당은 잘 챙겨주지만 너무 힘든 회사입니다 잘 생각해보고 오세요""",수당 잘 챙겨줌 녹십자라는 이름이 장점 건물이 깨끗함...,워라벨 붕괴입니다 ㅋㅋㅋㅋㅋㅋㅋㅋㅋㅋㅋㅋㅋㅋㅋㅋㅋㅋㅋㅋㅋ,연봉인상률이 너무 낮습니다ㅠㅠ 근속년수를 늘리려면 연봉인상을 잘..
2.3,(주)녹십자셀,2021. 01,2점,"""세포치료제 근무 문제 사람 문제를 모두 경험할 수 있는 곳""","녹십자 복지를 직원들에게 주려고 함
새로지은 건물에서 일할 수 있음","워라밸이 없는 근무시간
중간관리자가 없어 통제 안됨 중간관리자도 몇년 안됨
책임자들 나몰라라",직원들이 말하는 문제를 듣고 알면서 모르척하지 마시길 바랍니다
2.3,(주)녹십자셀,2021. 01,3점,"""꾸준히 성장하고 있는 회사여서 체계를 잡아가고 있는 회사임""","체계를 잡아가고 있는 회사라 성취감이나 뿌듯함을 느끼며 일하고 싶은 사람은 추천.
녹십자 계열사에 있는 회사라 복지같은건 나름 좋음
사람들이 좋다 위 아래 사람들 다 좋은 사람들이 많음","다른 부서는 모르겠는데 품질관리는 야근이 잦다
워라밸 XXXXX",직원들의 불만에 대한 해결방안을 마련해주셨으면 좋겠습니다
2.3,(주)녹십자셀,2021. 01,1점,"""사람을 피폐하게 만드는데 뭐 있는회사""",읫사람이 너무 눈치주는 꼰대같은 회사. 엄청 오래전이라 달라졌을 수도 있지만 그래도 여전히 꼰대일듯,점심시간도 없이 먹으면서 일하고 아침7시 30분 출근에 퇴근도 늦음,제발 아랫사람 생각좀 하길... 매번 놀러 다니는 것 같던데
2.3,(주)녹십자셀,2021. 01,1점,"""시스템이 엉망인 곳. 앉을곳도 없이 서서 있어야하니..""","큰 건물, 최대규모, 남들한테 티내기 좋다
친구든 친척이든","팀은 나눠졌으나 업무분장이 제대로 안되서 모두 혼란스러워함
기존에 2명하던 업무를 6명이서 함. 각팀별로 하느라
팀장이라는 사람들이 다른팀에 이리저리 끌려다님
생각은 하는지 자기팀 힘들어지는지는 모르고 해달라는대로 참...
팀장이 늘었는데 일은 더 느려지고 결정하는 사람은?

팀장이 이새끼 저새끼 꺼져 짜져 야 너 어떻게 이런소리를 할수 있는지 옆에서 듣기 너무 거북함 욕잘하면 팀장되는건가 아이엄마가... 유부녀에게 뭐든 맞춰줌 농담삼아 사람들은 애낳아서 올까 얘기한다
특히 경단녀들이 입사하기 좋은 회사... 진짜 많다

빨리 시간 맞추라며 천천히 움직이면서 조심히 하라고?
기준을 지키라면서 52시간 맞춰야하니 그렇게 하지말라고 하냐 그동안 왜 지키라고?
직원들이 한몸한몸 갈아서 만드는거 알고있는지...
일때문에 아파서 쉬는데 쉬는것도 엄청 싫어함
공지도 제대로 안됨 못들은 사람 탓임

매달 2-3명씩 퇴사함 시끄러운 사람들 갈아치우면 된다는 생각뿐
시도때도 없이 연락함 항상 대기 하고 있어야하고
시스템도 없으면서 책임지라하고
아니라고 말하면 윗선은 이상하게 보고 찍힌다. 찍히면 끝.
생산 신경써준다고 말하면서 글쎄? 말이나 말지 좀...
52시간 한다면서 어떻게 할건지 아는사람은 아무도 없음..","팀장들 인성과 능력은 확인하셨으면 좋겠습니다.
프로그램써서 빨라진줄 착각하지 마시고 오류가 더 많이 납니다. 되는거 안되는걸 먼저 아시면 좋겠습니다"
2.3,(주)녹십자셀,2021. 01,2점,"""직원의 소중함을 알 필요가 있는 회사. 이상과 현실 사이의 갭을 직원을 갈아 채우는 회사.""","복장이 자유로운 편. 녹십자 계열사 구색에 맞춘 복지(명절 선물, 사내쇼핑몰, 근로자의 날 선물)제도가 있다. 노동법을 잘 지킨다. 다양한 업무를 해 볼 수 있다.","회사가 직원을 힘들게 함.
: 그만두라고 등 떠미는 것만 같은 현실. 개선의 여지가 잘 보이지 않는다. 해결책을 찾기란 어렵고 모른척은 쉬우니 그런가? 사건 사고가 끊이지 않으며 근본적인 원인이 해결이 없는 한 앞으로도 계속 될 것.

일, 인간관계,돈의 밸런스 붕괴를 경험 할 수 있다.
: 연차 대비 전문성의 경쟁력이 월등해 질 수 있는 것도, 기본급여가 높은 것도, 팀 내 분위기가 굉장히 좋은것도(비슷한 연령대 끼리는 좋음) 아니어서 뭣 하나 내세울 것이 없다.

채용시 인성은 고려하지 않았던 것이 분명하며 후폭풍은 뒷 사람들이 감당하고 있다. 개선의 여지가 보이지 않아 참 안타까움. 제도의 보완이 이루어 져도 허울 뿐인 제도는 시간만 아까울 뿐이며 법의 사각지대는 항상 존재한다.",겉보기만 그럴듯 한 회사가 아닌 내실이 다져진 회사가 되었으면. 직원을 갈지 말고 소중히 대해줬으면. 무언가 시도 하는 것은 좋지만 충분한 계획과 대비 후 실현 했으면.
2.3,(주)녹십자셀,2021. 01,4점,"""계속 성장하는 회사, 자유로운 분위기에서 일할수 있음""",원할때 눈치보지않고 연차사용 가능함. 야근이 많지않음. 복지가 괜찮은편인듯,제품이 1개라는 치명적인 단점. 각 부서간 커뮤니케이션이 잘 안되는것 같음,제품 개발이 되어야하지 않을까 싶습니다. 직원들의 말에 귀기울여 주시길
2.3,(주)녹십자셀,2020. 12,1점,"""제조로 먹고 사는 회사에 제조보다 큐씨 큐에이가 더 많은 회사""","밤낮없이 일만 할 수 있어서 잡생각이 들지 않는다
대기업이랑 붙어있어서 얻는 혜택들이 있다","사원들에 대한 배려가 없다.
나가면 새로 뽑으면 된다는 마인드를 가지고 있으며, 주말당직과 야근이 언제일지 알 수도 없어서 그냥 나오라면 나와서 일해야한다. 못나오면 다른 사람이랑 바꾸라고 하는데 52시간 근무제가 시행되면 바꾸지도 못해서 그냥 정해주는 날 나와서 일하면 된다.
근무 시간도 시도 때도 없이 바뀌어서 일주일전에 12시에 나오라면 나와야하고 7시에 나오라면 나와야한다.

사람은 40명이 넘는데 자리는 10자리 정도밖에 없다.
개인 책상은 물론 없고 의자도 인원수만큼 없어서 제조소에서 나와서 쉬고 싶어도 서있어야 하고 앉고 싶으면 1층 로비로 나가서 앉아있어야한다.
점심시간엔 로비 자리마저 없어서 서있는 사람도 많다

기업 복지에 통근버스 있다고 적혀있는데 사실상 제조팀은 거의 못탄다고 보면 된다.

하루에 회사에 9시간있으면 밥 시간을 제외한 순수 8시간을 제조소에서 일한다.",회사를 위해서 바라는 점을 말하면 불만 많고 이기적인 사람이 되니 더 이상 할 말이 없습니다.
2.3,(주)녹십자셀,2020. 12,2점,"""겉과 속이 다른 녹십자셀
앞으로의 비전이 불안정하고 업무강도가 너무 어마어마함""","연차를 사용할때 눈치를 안봐도 되는점 이점은 팀별로 상황이 다른듯
또 사무용품 원하는것을 살수 있음
팀의 분위기가 좋음 사람들이 좋아서 으쌰으쌰 하는 분위기가 있음","솔직히 사람때문에 버티는거 100의 90임
우선 일의 효율이 별로임 그러기 때문에 일이 지체가 되어버림
정말 별로인데 앞으로 나아질거라는데 언제일지 10년뒤에도 변하지않을거같은 예감
또한 용인 이전으로 인해 너무 급하게 움직였다는 느낌이 듬
아직 완전하지 않은 상태에서 이전했다는 생각이 듬
그래서 제조팀과 품질관리팀은 사무실이 없는 상황이 발생하게되어버림
또 교대근무를 해야해서 셔틀을 탈수가 없음 이럴거면 교통비라도 주세요
gmp안에서 일하면 정말 최악인데 이걸 윗사람들이 얼마나 힘들지 모름 제발 gmp에서 하루만 일해봐요 체험해야 아는법
아는만큼 보이고 힘이 됩니다
제발 무시 하지말아주세요 의견을 내면 생각이라도 해주세요 오죽하면 의견을 내겠습니까
스케쥴 생각안하고 생산만 쭉쭉 늘림 사람은 5명인데 일은 20인분임 진짜 죽어남 주말 당직이 너무 많고 이걸 이제 당연시하게 여김
앞으로 52시간제 어떻게 하실생각이신지
정말 워라밸 꽝중에 꽝
나에게 주말은 없음 주 5일이 아니라 거의 6일임","직원들의 얘기를 들어줬으면 함
듣기만 하고 이해만 하고 넘어감
얘기하면 나만 나쁜사람됨
이렇게 지속된다면 사람들은 정말 퇴사를 할거임
사람이 소중한 것을 알게되었으면 좋겠음"
2.3,(주)녹십자셀,2020. 12,3점,"""녹십자인척하는 중소기업.체계도없고 인성쓰레기 고인물들이 너무나 많다.""",눈치보지 않고 쓸수있는 연차.수도권에 위치한 바이오회사.,진급기준이 일관성이없다. 윗선에 고인물들이 너무나 많다.,제발좀 진급기준좀 일관성 있게 가져가세요. 썩은물좀 청소좀 해주세요.. 사람들이 퇴사하는데에는 이유가있는겁니다.
2.3,(주)녹십자셀,2020. 12,3점,"""녹십자계열사지만 그냥 중소기업느낌
관리는 철저히 당함""","팀에따라 분위기가 천차만별
팀장 잘만나면 일하기도좋고 분위기도 좋음","팀장 잘못만나면 개고생
꼰대들이 간혹있음
연봉 겁나 안오름",일부얘기만 듣고 그게 전체인냥 하지말고 제대로 좀 듣고 반영해줘라
2.3,(주)녹십자셀,2020. 12,2점,"""의견을 수없이 받지만 나아질 기미는 없음.""","건물 외내부가 녹십자 이미지스럽게 깔끔하고 푸릇푸릇함.
젊은 사원들이 많음. 본사복지를 따라가기때문에 복지 나쁘지않음.","일을 비효율적으로 하지만 비효율적인지 모르고
연장근무와 주말 당직이 당연시하게 여겨짐.
앞으로 나아질 것이라고 하지만 전혀 나아지지않고 되려 힘들어지기만 함.
매번 의견을 받지만 내봤자 무시, 또는 이기적인 사람만 되고 사원들을 이해하지못함.",제대로된 시스템 구축이 필요한듯하다. 정말로.
2.3,(주)녹십자셀,2020. 12,1점,"""전문지식 가지고 있는 사람은 0명/ 데이터를 갖다줘도 아무도 이해못한다 연구커리어에는 글쎄..""",연차 자유롭게 사용가능 해마다 연봉인상 연말에 ps지급,"전문인력의 부족, 이를 알지만 아무도 신경 안씀, 잡일이 많음,부서별 떠넘기기 심각",인재확보를 위해서는 투자가 필요함 투자없이 인재가 들어올 것이라는 생각은 버리길..
2.3,(주)녹십자셀,2020. 11,4점,"""요즘일이너무많아서 다들힘들어한다. 부서별로 업무강도가 다 다른듯""","녹십자계열사. 본사복지좋음. 자유도높음(근무시간에 움직여도 터치 거의x). 밥 맛있다 정도?. 특근비 다음달에 정산해주고 연장근무는 휴가로쓰던지 1월에 돈으로 한번에 지급. 특근연장 시간 길게올린다고 뭐라하는사람은없는듯
일없으면 휴가자유로움. 가끔가다 선물줌. 젊은사람 대부분이여서 분위기 프리",연장근무가 없으면 제일 베스트인데 요즘 이전해서 그런지 일이 너무너무너무 많다. 제조는 진짜 지옥 그자체 큐씨도 중간직이 죽어남 내년에 주52시간되면 어떻게하려고하는지 걱정됨. 연봉이 높지않아서 특근비로 월급 높혀야하는 슬픔. 멀쩡한 사무실좀 줬으면좋겠다. 아시아최대규모 건물에 큐씨 사무실하나 없다니...ㅋ 다들 경력 3 4년 쌓고 이직생각있어보인다,"세포치료제 선두주자면 그에알맞게 시스템좀 잘 만드려는 노력이 필요할듯
사무를 위한 회사가아니라 제조를위하는 회사가 되었으면 좋겠다.
경력쌓고 나가려는 사람들좀 붙잡을수있는 회사가 되길바람
탁상공론좀 하지말고 1일 체험판이라도 좀 해봤으면"
2.3,(주)녹십자셀,2020. 11,1점,"""맨날 야근야근야근야근야근
근 5개월간 정시에간적이 손에꼽음
퇴근시간되도 다들 앉아있다""","녹십자 밑에 있으니 복지가 괜찮음(급여말고)
대기업 다니는 느낌같은건 받을수있다","일에치여 죽음
프로세스가 정립되지 않은 세포치료 회사에 오면 사람 갈려나간다는게 뭔지 알게된다
야근수당 안주고 휴가로 바꿔줘서 야근하는 맛도 안남. 야근 연차(수당이 아니라 연차지) 올려도 무조건 통과되는것도 아님. 일이 이렇게 많은데 야근비라도 챙겨주던가.",야근하면 그냥 돈줘요. 무슨 얼어죽을 휴가야... 휴가쓰고 오면 일이 쓰나미로 밀려와서 휴가 쓰기도 겁남.
2.3,(주)녹십자셀,2020. 11,1점,"""책임자급이 사원들 무시하는 기업, 생각없이 몸 쓰는 일하고 싶다면 추천함.""",젊은 또래 사원들이 많다? 최소 30자 적으라는데 아무리 생각해도 모르겠음.,"생산 직무 무시하는 경향있음.
말로는 고생하는 거 알고 있으니 기다려라하는데 나아지는 거 하나 없고, 의견 내는 사원들한테 이기적인 사람 프레임 씌우는 책임자들.
면접때 잡플래닛보냐고 물어보던데 평점 안 좋은 거 알면서 왜 변하려고는 하지않는지 모르겠음.","생산 사원들 고생하는 거 알고 있으신지, 관심이 없는 건지 궁금하네요"
2.3,(주)녹십자셀,2020. 10,3점,"""분위기가 편안하고 좋은편이다 같은 나이대 동료들이 많다.""",세포치료제중에서 국내에건 그래도 알아주는 회사이고 잘나가고있다,연봉이너무적고 세포치료제특성상이라곤 하지만 복지가 안좋다,복지가 더 좋아지고 연봉이 높아졌으면좋겟다 기존근무자와 신입의 차이릉 넓혀주길
2.3,(주)녹십자셀,2020. 09,1점,"""급성장으로 인해 몸에 맞지 않는 옷을 입게된 회사, 현실과 이상을 제대로 볼 수 있는곳""","1. 휴가를 쓰는데 눈치 보지 않는다.
2. 칼퇴 할 수 있다.(모든 팀이 그런게 아님, 아래 쓴 글 보니까 칼퇴 못하는 팀 한팀인데 눈치 보느라 못가는 걸로 보이는데 지금도 그런지는 모르겠음)
3. 복지를 신경 쓰고 있음(명절 여름 휴가비 줬음)
4. 직원들과 사이가 좋다(사원급만임, 과장부턴 고인물 천지 정말 짜증나게 하는 사람들이 많다, 옛날 그 방식 배워서 지금 사람들한테 요구하는데 정말 웃기다, 90년생이 온다 책좀 읽어봐라)","1. 급성장으로 인해서 외부인력이 채용되나 새로운 수준의 지식은 받아들이지 않으며, 예전 지식 문화를 그대로 유지하려고만 한다
2. 생산을 너무 무시한다. 사람들은 진짜 힘들어 뒤지겠는데 살인적인 스케줄, 근데 결국 보상 받는건 누구?
3. 사람들과 사이가 좋으나 결국 위에 사람들 땜에 힘들어진다. 일도 힘들지만 더 힘들게 하눈건 이상한 일의 방식, 예전 마인드, 힘들다고 말하면 이상하게 보는 것. 정말 힘들었다
4. 내가 있는 팀 말고 타팀의 경우는 비슷하다. 사람 때뮨에 힘들게 제일 크다. 팀장 눈치 땜에 힘든경우, 이미 무리가 있어서 들어가지 못해서 혼자 겉도는 경우
5. 여기 회사는 사무직 할꺼면 둘어와라, gmp할 사람들은 복지를 누리는 경우가 드물다","모두가 혜택 받는 회사가 됐으면 좋겠다. 이미 퇴사했지만 다니는 동안 정말 재밌었다 결국 일이 아니라 사람때문이다. 과장 팀장급은 다 예전 사람들로 너무나 급성장한 회사로 인해 그 자리에 있는 사람들, 지금은 변해있는지 모르겠지만 내가 다닐때만해도 너무 심했다 이런걸 경영진들은 알고 반성했으면 좋겠다"
2.3,(주)녹십자셀,2020. 09,2점,"""처음 몇년은 면역치료제와 관련한 업무를 경험할 수 있다는 장점이 있고 편하게 다니기에는 좋다. But, 커리어에 포부가 있다면 이직에 대한 고민 많이 됨""",부서마다 다르지만 본사 근무 환경은 평이하다고 봄. 출퇴근 무난하고 연차 눈치안보는편. 연봉만 아니면 괜찮음,파이프라인이 다양하지 않아 미래 먹거리 시장이 다소 불안. 새롭게 배우거나 닮고 싶은 롤모델이 전혀 없는것이 가장 큰 단점 그리고 후에 내가 그런 사람이 될까봐 걱정됨,신규 사업 추진을 적극적으로 해서 직원들이 회사를 자랑스러워했으면 좋겟음
2.3,(주)녹십자셀,2020. 08,2점,"""생산을 무시하는 경향이 있음. 생산 스케줄 하나도 고려 안해주고 그냥 몸 갈아넣으라고만 함""","장점은 사무직에게만 해당되는 듯, 사무직들에게는 참 좋은 회사. 생산직에게는 혈압터지는 회사..","일단 생산, 서열 최하위임. 몸 갈아넣어서 매출 올려도 생산은 인센도 안줌 ㅎㅎ 출근시간 들쭉날쭉 엉망진창임. 몸 망가져감",경영진부터 생산을 너무 무시함. 생각 고치시길..
2.3,(주)녹십자셀,2020. 08,4점,"""복지가 너무 좋은 회사. 연봉만 조금 높았으면 금상첨화""","이것저것 엄청 회사에서 많이 챙겨줌 복지가 좋음
세포치료제 업계에서 1위인 만큼 제도를 가져가려하는 회사","다소 보수적인 문화
생산팀의 살인적인 스케줄에 조금 힘듬
연봉이 좀 낮음","연봉 인상 및 작업원 증가가 필요할 듯 합니다
그리고 회사 방침을 일반 사원들까지 알기가 힘듭니다
관리자들의 소통 의지가 없어 사원들까지 모르는게아닐까요"
2.3,(주)녹십자셀,2020. 08,1점,"""장점이 사라지고 있는 회사, 별점 조작 하는 회사""","서울 근무, 가끔 주는 선물, 팀마다 다르지만 칼퇴, 음 근데 아무리 생각해도 장점이 없다 생각나는게... 아 아래 사람들은 단합이 잘된다?위 사람들은 정말 별로인 사람들이 대부분이다.",눈치 봐야 될 사람이 많다. 그사람들은 이전 회사(녹십자 인수 전)부터 있던 사람들이다. 팀 마다 다르지만 칼퇴 못하는 팀이 있다. 용인으로 공장이 증설되었지만 시설만 좋아졌지 거기 근무 환경은 정말 좋아졌을지 생각해봤음 좋겠다. 복지는 예전보다 나아졌지만 아직 갈길이 멀다. 앞에서 말했지만 꼰대들이 너무 많다. 정말 회사가 바뀌려면 그 꼰대들 부터 갈아 업어야 한다. 정신 차렸으면 좋겠다.,"가장 일에 앞에 있는 실무자들의 말을 들어라. 팀장, 과장 그런애들 말 들으면 업무가 나아질까? 실제로 업무를 하는 사람들의 이야기를 귀 기울여서 들었으면 좋겠다. 회사 평판, 매출액만 증가하면 뭐하냐? 근무 환경은 더 나빠지는데 공장이 크면 뭐하냐 회사 사람들 앉을 책상 의자도 없고 다른 자회사 주느라 결국 자기회사 사람들 앉을 곳도 없는데 잘 살아라"
2.3,(주)녹십자셀,2020. 08,3점,"""다른 중견 기업에비해 복지는 좋은 곳
위와 아래의 생각이 제각각인 곳""","휴가등의 복지를 나름 자유롭게 누릴 수 있음
때마다 잦은 선물을 나눠줌
건강검진 혜택이 좋음","직원들을 소모품처럼 생각하는 경향이있음
생산쪽 근무조건이 너무 최악임
위에서는 어떻게든 굴리려고만 하는 부분은 더 최악임","요즘세대의 문화도 일부 경청해주었으면 함
직원들의 개인사도 존중해주었으면 함"
2.3,(주)녹십자셀,2020. 08,1점,"""주먹구구 식으로 눈 앞에 닥친 문제 해결에 급급한 회사. 일 벌려놓고 자기들도 수습 못하는 책임자급""","서울에 있다는 것이 장점. 사원, 대리급 동료들끼리는 일의 힘듬을 잘 알아서 그나마 돌아감. 장점을 생각해 보지 않을 수 있어서 머리 안 아픈게 장점.","사람을 기계취급함. 책임자들이 맡은 업무에 대해 책임질 생각 1도 없음. 할 말 있으면 언제든지 하라고 해놓고 막상 말하면은 철벽 오짐(들을 생각 없음 자기들 생각이 정답이라고 박아 놓고 소통하는 창구인 척함). 팀원이 말하는 불만은 무조건 불평이라 생각함(시스템 개선에 대한 의견을 얘기해도 동문서답만 돌아옴). 무계획이 계획인 회사(일을 벌이긴 잘 벌리는데 감당할 능력도 안되면서 겉보기 스케일만 커짐, 어떻게든 사람 굴려서 돈 벌 생각 뿐이며 사람이 퇴사한다고 하면 잡는 시늉도 안 함, 새로 뽑아서 다시 가르치면 된다고 생각하는 시간과 돈은 중요하지 않아 보임, 기간이 코 앞에 닥쳐와도 정해진 게 없고 확실한 답을 절대 안 줌)


단점 밖에 안 보이는 회사이니 그냥 오지 마세요","중견기업으로 성장하고 싶으시다면 마음 가짐과 사고 방식부터 그들을 닮아야 할 거 같음.
매출 잘 내고 결과도 좋으면서 회사 복지 수준이 거꾸로 가는 건 장기적으로 손해임을 아시기를"
2.3,(주)녹십자셀,2020. 07,4점,"""한가지의 제품으로 전직원이 먹고 살아야하는 회사입니다.""",국내유일 항암면역세포 치료제를 만듬 비싸지만 환자들이 많이 맞음.,제품이 한가지인데 직원수는 300명 가까이 됨. 이로 인해 문제 발생시 회사가 무너질까 두려움,경영진들은 항상 좋은 문화 만드려 노력하는 모습을 아래직원들도 따를 수 있게 해야함.
2.3,(주)녹십자셀,2020. 07,1점,"""용인 녹십자 옆에 신축 녹십자셀 건물있음
체계가 없고 눈앞의 불부터 끄는회사~""","용인 쪽 신축공장은 시설 깨끗하고 외부에 산책길 잘해놓음
통근버스 운행
제조팀 사원 대리급 사이 좋으며 일부 제외하고 수평적으로 대함.일이힘들어도 사람들 때문에 버틸 수 있음","생산 제조 쪽은 위에 인간관계 빼고 장점을 못 누린다.

1. 업무 환경이 좋지 않다. 사무 공간이 부족
책상을 두명이 같이쓰며 사무실 본인자리의 로망이있는 신입분들이 입사 후 본인 파티션이 없는것에서 실망할수도 있음
2.교대 근무라 용인으로 출근 시 통근버스 이용이 힘들다(차량 회사주변 자취 필수)
3. 장시간 GMP 근무
gmp에 5시간이상은 기본으로 있어 체력적으로 많이 힘들고 물도 많이 못마심 화장실 자주못감=건강악화","위에 단점 팩트입니다. 귀를 열고 들어주세요
사람 귀한줄 알았음 좋겠어요!"
2.3,(주)녹십자셀,2020. 07,1점,"""사람이 많아 뒷 얘기가 어마무시하다 뭔 일 났다 하면 온 사원들이 다 알고있다""",이름에 녹십자가 들어가니 대기업 따라가려고 교육은 철저히 시키는 듯 하다,그래서 다들 조금만 버티고 이직할 생각한다 고인물들은 이직할 생각이 없고 밑에 사람들만 바뀐다,본인 밥그릇 챙기기 전에 직원들 처우나 개선할 생각부터 하길
2.3,(주)녹십자셀,2020. 07,3점,"""많은걸 배울 수 있는 회사.
그러나 아직은 체계가 부족함. 체계가 없어 많은일이 그냥 흘러가는대로 진행하거나 미흡한 점이 많음.""","연차는 비교적 자유로움
연봉 외 복지는 좋은편. 명절 포상이나, 가끔씩이지만 상여금도 나옴","체계가 없는게 가장 큰 문제
그리고 동종업계에 비해 연봉이 터무니없이 낮음
직원들이 이직하는 가장 큰이유",직원들을 위한 합리적인 보상 및 연봉체계를 갖춰주길
2.3,(주)녹십자셀,2020. 07,1점,"""겉만 번지르한 회사. 막상 그 속을 파헤치면 놀랄 일들 뿐.""","복지? 중소기업 치고 나름 복지 수준은 괜찮으며, 연봉 수준은 준수",리더의 부재. 리더 다운 리더가 없다. 사원들이 혀를 내두를 정도로 능력이 없지만 이에 대한 대책은 전혀 없음,"볼지 모르겠지만 한 마디 적자면, 직원들의 말을 적극적으로 듣고 대처해라."
2.3,(주)녹십자셀,2020. 07,1점,"""꼰대문화의 최고봉인 기업, 윗 사람들은 왜 안바뀌는지 모르겠음""",장점은 서울에 있는것 그 외에 또 뭐가 있는지 모르겠음,"꼰대문화, 잦은 회식, 뭘 계획하는지 모르는 윗사람들",회사사람들의 말에 귀기울이고 들리는 것을 모른척하지 말기를
2.3,(주)녹십자셀,2020. 07,3점,"""생물의약품 회사중에 나쁘지 않은것 같음. 다만 녹십자에 편입된 만큼 많은것이 변화되는 중임. 그리고 그게 아직 안끝낫음.""","녹십자에 붙음으로서 얻을수 있는 다양한 혜택들, 복지라던가 시설은 매우 우수함.","생물 의약품 다루는 회사의 단점. 사람이 약에 무조건적으로 맞춰줘야함, 비효율적인 업무구조, 개선되가고는 있지만 아직 개선중임",딱히 없음 문제가 있다지만 경영진이 바꿀수 있는게 아님 용인 녹십자 대지에 세들어와서 사니까 시설 좋아져서 좋음
2.3,(주)녹십자셀,2020. 06,1점,"""세포치료제 1등 회사, 건물이 매우 좋음. 밥이 맛있음.""",연차를 눈치 안보고 쓸 수 있음. 팀 별로 분위기가 굉장히 다름.,"본사 확진자가 나왔을 때, GMP 근무자 빼고 다들 오전 11시에 셔틀버스 타고 퇴근했습니다. 막간을 이용해서 4층 공용휴게실에서 쉬면 다른팀에서 제조팀 일 없냐고 묻는 바람에 GMP에서 나오지도 못했었습니다. 같은 회사 직원간에도 다른팀에 대한 배려가 전혀 없습니다.","리더들의 리더쉽 및 인성 교육이 필요합니다.
회사의 핵심 인력은 생산직입니다."
2.3,(주)녹십자셀,2020. 06,2점,"""자유로운듯하나 다니다보면 꼰대들의 꼰대부리는 모임 그냥 별로""",딱히 장점이라고 할 게 없다 특정일에 선물 많이 주는거? 그거밖에 없다,야근상신하는거 눈치준다 다른회사는 지문 찍으면 자동으로 연장수당 찍힌다는데 우린 야근 허락받고 상신한다,복지 엄청 해주는 것 같지만 아니다 세세한 부분에 더 신경 쓸 필요가 있다
2.3,(주)녹십자셀,2020. 05,3점,"""1.업무가 분배가 되지않는 회사
2.능력이 없어도 다른사람 비난만 잘해도 인정받는 회사
3.노력하는만큼 보상이 없는 회사""","다양한 업무걍험을 해볼수 있는 곳
제품이 있어 안정적인 회사","위계질서 없음
예의없이 행동하는 사람도 줄만 잘서면 인정받는 회사",능력있는 사람들과 어떻게든 일하기 싫어하는 사람들을 구분하는 능력이 필요합니다
2.3,(주)녹십자셀,2020. 05,4점,"""발전 노력이보이나 갈 길이 멀다. 내년에는 더 도약할 수 있을까""","올해 연봉인상도 생각보다 많이 올려주고 본사 따라가려는 의지가 보여서 다행이다
업계 평판이 좋아서 이직에 이점이 많다",제품이 한정적이고 인건비와 원부자재 값이 비싸서 영엽이익 감당할 수 있을지..,지금 젊은사람들 많은데 이직을위한 발판이 아니라 붙잡을 수 있는 기업이 되었으면
2.3,(주)녹십자셀,2020. 05,1점,"""회사 네임벨류에 비해 굉장히 별로인 회사.... 개고생""",녹십자가 가진 복지를 주려고 노력하는거 같았음. 지금은 더 좋아졌을지도,중간 관리자급의 부재로 몇년 안된 사원급이 모든 업무를 처리해야하는 시스템,한 부서에 다양한 직급 분포되게 인원 충원이 필요할 것으로 보입니다. 신경써주세요.
2.3,(주)녹십자셀,2020. 04,1점,"""복지 신경써주려도 노력하지만
제품 개발이 더 시급함.
힘내요 다들""","글쌔
이뮨셀이 4세대 항암제라는거 ?
만들긴 하지만 이런걸 ..,참..
그래도 업무 강도가 덜 함 타 회사보다","생산의 한계가 보임
고인물 천지. 다들 자기가 잘난줄 암","좀 더 빠른 개발과 직원복지 신경써줬음 함.
녹십자 눈치좀 그만봐요!"
2.3,(주)녹십자셀,2020. 04,4점,"""일이 많지만 복지는 그다지... 일을 배우기에는 좋음""",번화가에 있어서 음식점이 많고 문화 생활 즐기기에 좋음.,복지와 연봉이 그다지 높지 않음. 직원들의 말을 조금 더 귀담아 들었으면 함.,사람들을 더 뽑아주던지 일을 줄여주던지 해야될것같음
2.3,(주)녹십자셀,2020. 04,1점,"""외부에선 크게 도약할 회사라곤 하지만 글쎄.. 대충 다니다가 이직하세요""","선진화되어있음. 육아휴직?
세포치료제 회사에선 손에 꼽히는 회사.
처음부터 이직할 생각으로 들어오면 맘편함.","인격이 덜된사람 있음.
아는거 없으면서 직급달고 일안하고 아래사람 시킴.
그릇이 작음.
단점 말해봤자 뭐하나 말도안되는 해결방안만 가지고오는데. 문제해결능력이 현저히 낮음.",자꾸 눈치주면 안쓸줄알았죠? 말해도 바뀌질 않으니 바라는점이 없네요
2.3,(주)녹십자셀,2020. 03,1점,"""면역세포치료제는 전망이 좋다고 하지만 그건 해외 얘기, 미래가 위태해보임""","그냥 쉬운 말로 짬이 좀 차면 일 안하고 회사 다닐 수 있음
10명에 8명이 이런식이고 나머지 2명 때문에 회사가 돌아감","감사나 약사감시때마다 마음을 조림
면역세포치료제에 대해, 혹은 GMP에 통관한 사람이 오면 발칵뒤집어 질듯?",많은 것이 달라져야 하지 않을까요 특히 예전 고인물들은 이제..
2.3,(주)녹십자셀,2020. 03,4점,"""점점 발전해 나가는 회사~같이 성장해 가는곳""","본사 복지들 거의 따라가고 있고, 샌드위치휴가나 여름휴가 연말휴가 미리 정해져서 함께쉬니깐 눈치안봄 추가연차 사용 눈치안봄 회식별로 없고 분위기좋ㅇ음",말이 많은것 같음 기준이 명확하면 좋을것 같음 인센 많이 줬으면 좋겠음ㅋㅋ,직원들에게 혜택이 골고루 돌아가면 좋겠습니다
2.3,(주)녹십자셀,2020. 02,4점,"""경력쌓기 무난하다. 복지도 이정도면 무난하다. 좋은사람들이랑 일하려면 복불복이다""",나이대가 전체적으로 젊음. 복지가 생각보다 많음. 생일날 상품권이나 크리스마스케이크 이런거? 연차 자유. 칼퇴자유. 연장특근 수당. 인강무료,사람이 많아지다보니 시스템이 못따라가는것 같다. 좋은사람들 참 많은데 몇몇 이상한사람들이 문제. 근데이건 어딜가나 같지않을까?. 특히 각 팀이나 본부별로 겪는느낌이 참 많이 다른것같다 얘기 들어보면. 연봉이 많지는 않다.,각 팀장들이 오래 다니다보니 새로운 변화에 더딘게 아닐까..
2.3,(주)녹십자셀,2020. 02,1점,"""고여있다보니 썩었다.
그정도 고여있으면 잘 알 법도한데.. 아는게 없네?!""","연차나 휴가는 우선시에 잘 사용가능.
한가지만 파면 됨.
전문성을 가질 수 있음.
주기적인 교육을 함.","윗사람의 뒷담화가 여기저기 너무 잘 들린다.
한가지만 아니까 다른분야쪽을 너무 모른다.
그래서 고집이 생겨 권력으로 누른다.
교육을 해도 본인이 아는게 최고다.",논리적으로 설명을 못해 강요와 억압을 권력으로 행사하지않았으면 합니다. 인정하기 싫어 말대답과 대든다는 표현으로 모든걸 설명할 수 없습니다.
2.3,(주)녹십자셀,2020. 01,1점,"""막무가내로 일하는 곳, 경력 쌓기는 어렵지 않을까?
연차 사용 눈치 줌 퇴근 눈치 줌""",이것저것 챙겨주는 게 많고 본사에서 하는 건 다 따라 하는 듯?,연차 눈치 줌 퇴근 눈치줌 쓸데없는 회의가 너무 많음 너무 외딴 곳에 있음,사람들 말에 귀 좀 기울여주세요. 퇴사에는 이유가 있습니다.
2.3,(주)녹십자셀,2020. 01,1점,"""첫 취업이고 다른 무난한 회사에서 받아주지 않는다면 이곳으로 오셔도 됩니다.""",연차가 오래 된 사람이 거의 없어서 사원들끼리 수평적이다. 나이대도 젊은편이라 사원들끼리는 풋풋하다.,제조팀은 절대로 오지 않는게 좋다. 원래 노가다 특성상 개차반 취급받긴 하지만 이곳은 더 심하다. 업무량도 많고 잡일도 많은데 사람취급도 받지 못혼다,전문 CEO가 필요하다고 생각한다. 의사들의 주먹구구식 탁상공론으로 회사를 운영하니 제대로 굴러가지 않는다. 의사로서의 개개인의 전문성과 능력은 알겠으나 사업가로는 글쎄
2.3,(주)녹십자셀,2019. 11,3점,"""나쁘지는 않았던 기억이 많았습니다. 많은 것을 배울 수 있었습니다.""",윗사람과 아랫사람의 허물없이 다같이 재밌는 분위기 속에서 회사문화를 배울 수 있었던 경험이였습니다.,많은 업무량과 부담감을 느끼게 되어 퇴사를 하게 되었습니다. 하지만 이것만이 꼭 단점은 아니라고 생각합니다.,좀 더 좋은 복지 시설과 환경을 만들어 주셨으면 좋겠습니다.
2.3,(주)녹십자셀,2019. 11,4점,"""급격하게 성장하는 회사이지만 단일품목에 의존도는 아쉬운""",젊은 연령층의 직원들과 녹십자 출신 직원들과의 업무로 많이 배울 수 있어,품목이 한개밖에 없다보니 의존도가 너무 높은 상태의 회사,앞으로도 꾸준하게 연구개발하여 발전할 수 있는 회사가 되기를 바랍니다
2.3,(주)녹십자셀,2019. 10,3점,"""녹십자란 대기업 계열사로 촉망받고 있는 계열사 중 하나이다.
세포치료제란 분야에서 기술을 획득하고 꾸준히 연구하여 더 발전하기 위해 노력하는 회사이다.""","1. 출퇴근시 눈치보지 않고 자신의 개인 일정에 맞게 칼퇴가 가능하다.
2. 계속 발전하는 회사로서 개인의 역량을 발전시킬 기회를 가질 수 있다. 단. 개인의 노력이 필요하다.
3. 대기업 계열사로 월급 제때주고 복지도 괜찮은 편에 속한다.","1. 발전중인 과도기의 회사라 조직체계가 수시로 변경되고 있어 수시로 적응해야한다.
2. 회사에서 새로운 일을 던져주면 개인의 조사와 기본 역량으로 일을 해나가야한다. 교육 또는 이끌어주는 위 계급이 적다.
3. 중소기업이라 인맥위주다. 같은돈도 쉽게 벌 수 있는 사람이 있다. 성과제가 객관적으로 평가될 필요가 있다.",다른 중견기업이나 대기업 체계를 따라가기는 힘들어도 비슷하게라도 체계를 잡아야 한다. 수시로 바뀌는 체계로 인해 혼란과 업무 과중이 더해진다. 또한 사원보다는 대리와 과장들에게 교육의 기회를 넓혀주어 고정적인 일만 시키지말고 역량을 키워주어야 한다. 또한 연장근무체계를 바로잡아 눈치성으로 공짜업무하게 하지말고 정확하고 객관적으로 알아서 연장근무가 체크되는 것이 도입되었으면 한다.
2.3,(주)녹십자셀,2019. 10,4점,"""시선을 바꾸겠다고 하지만 여전히 보수적인곳. 정해진 쳬계를 바꾼다기보다 지켜나가는게 더 중요한 곳""","연차 자유로움, 젊은 직원들이 많아서 다소 분위기가 활발함, 출산휴가 육아휴가 자유로움, 부서마다 다르지만 칼출근 칼퇴근 할수도있음,","부서마다 다르지만 야근하는 부서는 밑도끝도 없이 야근함, 뭉쳐다니는 직원들이 있어 그 사이를 뚫기 어려울뿐만 아니라 업무적으로도 파워를 가진 사람이 업무를 맡게 되면 의견도 못내고 따라가야함,","직원들 복지에 신경써줬으면 좋겠음. 바깥 시선보다 직원들 챙기는것을 더 중요하게 생각하길,"
2.3,(주)녹십자셀,2019. 09,2점,"""외부에서 보면 크게 성장하고 있지만 내부는 머물러 있어 발전이 더딘 회사""",자유복장. 역세권에 위치. 월례조회를 격월로 진행. 사장님이 직원들을 신경 써주시는게 말과 행동에서 느껴짐,팀간의 협조가 잘 안됨. 단일제품 생산. 입사 초 제조시설에 대한 기본적인 교육이 필요함. 극소수는 일을 감정적으로 함. 육아휴직을 눈치보고 사용해야함.,세포치료제 항암제에 대한 자부심은 좋으나 다른 파이프 라인 구축도 필요함.
2.3,(주)녹십자셀,2019. 09,5점,"""녹십자 계열사 상장회사로써 안망할꺼같음 용인셀센터는 아직 체계가 잡히지않아 힘든부분이있다""",작년보다 회사도 커지고 팀도 세분화되어서 체계가 잡혀가는것 같음. 가산공장과 용인공장은 별개의 회사같은 느낌이 들고 용인공장기준으로 본사의 복지를 다 이용할 수 있어서 만족함. 매출이 증가하고있어서 당분간 힘들지는 않을꺼같음 . 휴가 자유롭게 사용가능하고 점심제공 야근눈치없는편이고 연장휴일근무수당지급 복지는 여러가지 있지만 연봉이 높지는 않다,"솔직히 팀바이 팀 이라고 생각하는데 유독 불만이 있는 팀만 불만이 계속 쌓이는거 같아 안타깝다. 안그런 팀도 많다고 생각하며 그렇게 심각한 단점은 없다고 생각함
일이 많을때는 야근도 꽤 있는편이며 qc나 제조쪽은 주말출근도 필수로해야함 셀센터 허가중이므로 바쁘기도 하며 체계를 만들어가고있다고 생각함 솔직히 가산공장에서는 일을 길게안해봐서 그쪽 단점은 잘 모르겠습니다.",연봉좀 올려주시면 감사할꺼같습니다. 본사와 어느정도 수준은 맞아야 하지않을까..
2.3,(주)녹십자셀,2019. 08,3점,"""젊은 사람들이 많은 곳입니다. 세포치료제로 발전가능성이 큰 회사입니다.""","직장내 괴롭힘이 없는 곳입니다
젊은 사람들이 많아 꼰대 마인드가 없습니다",연봉이 작고 잦은 휴일근무로 인해 이직하는 직원들이 많습니다.,연봉을 올려주세요. 보너스도 많이 줬음 좋겠습니다. 연봉인상률은 낮습니다
2.3,(주)녹십자셀,2019. 08,1점,"""학연 지연 인맥이 판치는 회사
잡플래닛 별점 조작하는 회사""","명함 내밀 때 녹십자라고 쓰여있어 부끄럽지 않음
때 되면 진급할 수 있음
최근 주식으로 돈을 많이 벌어 단기간 내에 망하지 않을 것 같음
방송에 자주 나옴","벤처 시절부터 다닌 무능한 팀장들과 전문성이 떨어지는 경영진들 콤보
실무진 반대에도 시작되어 돈만 쓰고 사라지는 프로젝트와 책임지지 않는 경영진
팀 간에 알력다툼으로 자료 공유와 협업의 미비
ex) 회의 자료의 회의 전일 혹은 당일 공유, 자료 공유 요청에도 찾아서 공유한다고 한 후 무소식
진급해도 낮은 연봉 인상율과 불투명한 인사평가
2~3년된 중간직의 잦은 퇴사
실무진이 원하는 기장비 혹은 업체가 아닌 이상한 브랜드 기장비와 업체의 선정
전공 유의성보다 특정 대학 출신 연구원들의 채용",잡프래닛 별점 올리기가 아닌 잦은 퇴사율과 회사에 산적한 내외부 문제에 더 신경을 쓰셨으면 좋겠습니다.
2.3,(주)녹십자셀,2019. 08,2점,"""발전가능성이 무긍무진한 기업이라고 생각합니다. 용인공장으로 이전을 하면 더 성장가능성이 플러스""",용인공장으로 이전계획이 있으며 이로 인해 복지와 시설이 좋아질 예정.,일이 많다. 급여가 타 제약산업에 비해 적은 편인 점을 고려,따로 없습니다. 다만 기숙사 제공에 대해서 여력이 되신다면 생각해 주시길 바랍니다.
2.3,(주)녹십자셀,2019. 08,5점,"""왜이렇게 평점이 낮은지 모르겠는 회사 너무 불만만 가득한 퇴사자 사람이 많다고 생각""",바이오 기업에서 실제로 매출을 올리고 임상에 성공한 기업이 드물기 때문에 성장가능성은 무한 하다고 생각합니다. 2020년 용인으로 이전 예정이며 기본적인 복지는 다 챙겨줍니다,"직장을 여러군대 다녀본 결과 여기보다 안좋은 회사인데 평점 높은곳도 많은데 유독 녹십자셀이 평점이 이렇게 낮은 이유를 모르겠다. 그냥 회사 때려쳐서 평점을 깎고싶은건지
다른회사가 가지고있는 단점과 비슷하다고 생각합니다",성장하는 만큼 직원들과 실적을 나눌수있었으면 좋겠습니다.
2.3,(주)녹십자셀,2019. 07,1점,"""사회초년생분들..가지마세요 그냥 헬이에요 왜 내가 여기를 왔나 후회하게되고 각종병과 우울증 얻을 수 있습니다.""","녹십자는아니지만 네임밸류가 있다.
실무자들이 많다.
도시에있다.
점점 나아지고 있긴 하다.
세포치료제회사이다.
GMP에 대해 잘 배울 수 있다.","여초회사
이렇게까지 해야되나? 싶을 정도로 이상한 작업들 및 문서작업이 있음.
주말출근.
지금의 시스템 중 이걸이렇게해야하나? 싶은게 있는데 다 윗사람들의 무지함때문.
수준이 높은 사람이 있는반면 수준이하. 어떻게 여길들어왔지? 생각되는 사람있음 노답
그냥 이렇게 일해야하나?하는 생각이 문득 들고 우울해짐","재직자가 얼굴에ㅠ먹칠안하려고 or 담당부서가 이미지 메이킹하려고 별점 뿌리는거같은데
아무것도 모르는 초년생들을 위해 포장하지말고 사실만 씁시다."
2.3,(주)녹십자셀,2019. 07,3점,"""항암치료제 개발로 바이오 업계에서는 높은 대우를 받을 수 있는 기업입니다.""","구내식당이 맛있음, 녹십자 타이틀, 사원증, 셔틀버스 , 연차 자유롭게 사용가능","다른부서와의 차별, 주말출근, 오랜시간 제조소에서 근무","품질관리, 제조에 신경을 많이 써주시면 감사하겠습니다."
2.3,(주)녹십자셀,2019. 07,5점,"""용인으로 이전시 복지는 매우매우 좋아질것같음 GMP특성상 제조 품질쪽은 업무시간이 유동적이고 휴일근무도 있음 성장력이 어마어마함 1년간에 직원 80명을 채용해 사업이 커지고있음""",추가근무시 대체연휴 지급. 새벽근무시 교통비 식대 지급. 네임벨류. 단일품목으로 매출 300억대 기업성장력 확실. 용인공장으로 이전시 본사의 복지를 그대로 가져와서 매우 미래가 밝음,사람이 많아서 사람끼리 트러블이 발생. Gmp특성상 새벽근무도 있고 출퇴근시간이 계속바뀜. 가산근무시 복지가 별로고 책상도 두명이서 한개를 사용하는 경우도있음. 연봉이 그렇게 높지는 않음,새로운 파이프라인 개발과 연봉좀 올려주세요. 성과급 주시긴하는데 연봉이 더 높으면 좋을것같습니다
2.3,(주)녹십자셀,2019. 07,4점,"""세포치료제 분야에서 알아주는 기업. 용인 본사로 이전해 시설도 좋아지고 복지도 매우 좋아져 내년부터 근무환경이 좋아질꺼 같음""","식대 제공. 휴가 자유롭게 사용가능. 수평적인 분위기. 초과수당 지급. 셔틀버스 자유로운분위기. 평균연령 낮음. 육아휴직이 매우 잘되어있다
용인 본사로 이전시 건물 매우좋고. 본사식당. 헬스장. 탁구장. 차량지원금등 지원이 좋다","연봉변경으로 휴가비랑 떡값이 연봉으로 변해서 약간 조삼모사느낌? 연봉은 많이.올랐지만. 업계 중간정도의 연봉. 초과비용을 주지만 주말근무가 있고 제조부서는 매우 힘들어보임. 다른 품질이나 경영쪽은 근무환경 좋음. 부서마다 강도가 다르달까.. 기숙사가 따로 없어서 전세금 지원받아서 집을구해야함.
호봉제가 아니여서 진급기준이 애매모호함",복지를 줄이려고 하지말고 사원들을위해 다니고싶은 회사를 만들어주면 좋겠음
2.3,(주)녹십자셀,2019. 07,1점,"""다양한 업무를 배울 수 있고 사회생활의 여러 면모를 보고 배울 수 있어요""","출퇴근이 비교적 자유롭고 휴가를 눈치없이 쓸 수 있습니다. (물론 팀마다 다를 수 있어요)
PS(이건 얼마 되지 않은 복지), 명절선물 챙겨주고 크리스마스 시즌에 케이크를 줍니다.
야근할 때 택시비를 지원해 줍니다.
연봉제라고 하나 팀장 눈 밖에 나지 않는 이상, 거의 호봉제입니다. (눈 안에 들면 초고속 승진이 가능합니다)
녹십자라는 네임밸류 덕을 보고 복지도 연봉을 제외하곤 많은 부분 적용하려 합니다.
가산디지털단지, 용인에 위치하고 있어 접근성이 좋고, 가산디지털단지는 회식 및 쇼핑에 최적화되어 있습니다.","출퇴근이 자유롭고 휴가를 눈치없이 쓸 수 있는 편이지만, 사람마다 기준이 다르게 적용되는 경우가 많습니다. (팀장 최측근이면 남자도 육아휴직 눈치 안보고 쓸 수 있고 급하게 휴가써도 만사오케이더라구요) 이노셀이라고 불리는 벤처기업때부터 있던 직원분들이 각 부서의 팀장들 또는 차장, 과장급들이라 라떼는 말이야를 자주 듣곤 합니다. 모든 회사에 라떼는 말이야 부류는 다들 있다고 들었지만 말도 안되는 걸 업무에 적용하진 않으셨음 좋겠어요. 그래도 다행인건 비위를 잘 맞추면 탄탄대로를 달릴 수 있습니다. 이 부서(회사)의 단점이지만.. 잘 이용하면 업무적으로 부족해도 인정받을 수 있다는 점이 장점?이 될 수 있을련지는 모르겠습니다. 실제로 실력있는데 비위 못 맞추는 팀원들은 진급에서 누락되고 업무적으로 눈에 띄게 뛰어나진 않아도 팀장 눈에 드는 사람들이 특진합니다. (결국 실력있는 사람들은 이직하더라구요.. 그래서 같이 일하는 사람들은 힘들어지구요) 요즘 제조관리자?건 때문에도 사람들끼리 얘기많던데.. 알고 계세요? 그리고 진급에서 누락시키거나 일적으로 사건 터졌을 때, 그때는 인사권이 없었다는 등, 그때는 결정권이 없었다는 등의 변명은 하지 않으셨으면 좋겠습니다. 당사자들은 솔직한 피드백과 당시의 상황 설명을 원합니다. (사실 평가기준이라는게 허울뿐이라 쉽지 않으시겠죠 그리고 당최 팀에 신경 안쓰시는 성격이신거 같아요) 그래도 평가 전에 사람들 면담한답시고 진급에서 누락시키려고 하는 사람들 대상으로 사람들한테 어떠냐고 넌지시 물어보진 않으셨으면 좋겠습니다. 당사자들도 전해들으면 기분나쁘고 그런식의 방법은 좀 아닌 것 같습니다. (인사권으로 경력직 뽑은거 본인이시잖아요 그리고 이런식의 면담이 팀에 대한 관심으로 보이진 않아요) 만사가 귀찮다고 귀막고 눈닫고 있지 말아 주세요. 그 자리는 영향력있는 훌륭한 자리잖아요. 안타까운건 이렇게 말해도 절대 바뀌진 않겠지만, 잡플레닛에 본인 얘기같이 올라오는 글들 때문에 창피하다고만 하지 마시고 제발 리더의 모습을 보여 주세요ㅜ",전 이뮨셀-엘씨 추천 못하겠어요. 부디 좋은 약으로 만들어 주시길 제발..
2.3,(주)녹십자셀,2019. 06,4점,"""힘들인 만큼 보상해주는 회사
직원들의 힘든 부분을 잘 들어주는 회사""","눈치성 야근 없고 연차 자유롭게 사용 가능
직원들의 고충을 잘 들어주고 해결해주려고 노력",신입사원들의 불평이 많다.부서마다 틀리지만 텃세는 있는듯 하다,앞으로도 계속 직원들의 보상과 힘든부분에 계속 신경써 주셨으면 좋겠습니다.
2.3,(주)녹십자셀,2019. 06,4점,"""젊은기업. 녹십자인척 다닐수있음 세포치료제 사업이 잘 풀림으로써 망하지는 않을꺼같음""","서울에있어서 즐길거리가 많다? 역 바로앞이라 출퇴근이 어렵지않다
신입이 일 배우기에는 좋다","여초 회사로써 약간 여고 느낌이 납니다.
정치질이 좀 심하고
휴일근무가 있다.
팀바이팀 이여서 어디로 배정받냐에 따라 다르다고생각합니다",일하러 나오기 좋은기업으로 만들어주세요. 문제점이 보이면 해결하는데 노력해주시기바랍니다.
2.3,(주)녹십자셀,2019. 06,2점,"""나라면 좀더 준비해서 한단계 위로 지원합니다""",아직까지는 서울에 있고 휴가의 자유가 오느정도 있고 퇴근은 오느정도 보장되어 있다 직원들이 젊어서 회사 분위기가 젊다,"직원보다는 돈버는거만 생각한다
복지를 점차 줄일 생각만 한다
본사와 연봉인상기준을 같게 하면서 앞으로는 연봉인상이 정말 적다고 보면됩
니다. 돈에 대한 걱정이 있다면 이곳은 지원하지 마세요. 처음 입사부터 이직
하실 때까지 연봉의 변화는 거의 없을겁니다 그냥 적어요
언제가 될지 모르지만 곧 서울을 벗어나게 됩니다 서울거주자는 추천하지 않습
니다
반복되는 업무만 하게됩니다. 입사할 때에 비해서 본인의 발전은 거의 없습니다. 본인의 발전을 생각하는 분께는 추천하지 않습니다",회사 발전을 위해서 투자하시는거도 좋지만 직원들을 더 생각해야 떠날 생각을 하지 않고 일할겁니다
2.3,(주)녹십자셀,2019. 05,2점,"""흔한 중소기업입니다. 녹십자 이름보고 속지마세요""","여러가지 업무를 할 수 있어 이직시 도움이 됨.

녹십자 계열사라 망하거나 임금이 나오지 않을 확률이 적음",주먹구구식 업무 진행에 업무분할이 제대로 되어 있지 않고 분할할 의지도 없음.,"회사발전하려면 능력없고, 정치질하는 고인물들 교체하기 바람"
2.3,(주)녹십자셀,2019. 04,1점,"""모든 것은 현업부서가 해야함 윗사람들은 뭐하는지 모르겠음""","1.점심 식사 제공
2.녹십자인 척 다닐 수 있음
3.월급 루팡 가능","1.모든건 다 현업부서임 뭐만하면 현업부서 다른팀한테 일 떠넘기는거 잘함
2.사고나면 숨기고 수습하기 급급함
3.본부장은 모르면서 아는척하느라 잘되는 일도 방해해서 진행이 안됨
4.다 본인들이 힘들다고 징징징 불만만 많음 회사전체가 네거티브","고인물 문제 다 알면서 그냥 나두는건?
회사를 고인물로 만들겠다는 건지?"
2.3,(주)녹십자셀,2019. 04,1점,"""사람이 많은데 사람 많은 단점을 모두 가지고 있음 일은 많지만 연봉은 적음""","점심제공, 이미 완성된 생산방식으로 본인이 개발 안해도됨","퇴근시간 불명확
실제 출퇴근 시간보다 먼저 출근하고 늦게 퇴근함
녹십자라는 네임벨류 때문에 지원자가 많은데 근무환경은 전혀 좋지않음 친목의 끝","팀장이 과장,오래된 사원들 텃세 알고있으면 조치를 취해야함"
2.3,(주)녹십자셀,2019. 03,1점,"""고인물들이 판치는 회사, 인성덜된 사람들이 판을치는회사, 이를 알면서도 묵인하는 윗선""","빠른퇴근가능, 서울에서 출퇴근하며 다닐수 있음.
단지 이것뿐","적은 연봉, 인성덜된사람들 많음, 무능력자들 많음, 녹십자인척. 가장불만은 진급기준이 없음 쯪쯧",진급기준이 도대체 모임? 외부경력 인정 기준은 도대체 모임? 4년 후 대리진급이 본사기준인데 3년으로 꼴리는대로 바꾸더니 2년으로 바꾸대? 에라이 퉷
2.3,(주)녹십자셀,2019. 03,1점,"""생산 제조 할일이 너무 많음
새벽 출근도 있음..
4세대 면역항암제 시장에 선두""","적당한 워라벨, 연봉, 분위기 등등
회장님 사장님도 치료제 관심 높음",미래가 밝다고들 하지만 사실 어떻게 될지 미지수 잘되면 대박 까딱하면 쪽박,"좋은 결과의 산물이 나왔으면 좋겠습니다.
물론 지금도 혁신적인 제품이라 생각합니다"
2.3,(주)녹십자셀,2019. 02,1점,"""팀 운영능력이 없는 관리자들로 인해 썩어가는 내부, 정신차리세요. 그러니깐 사람들이 윗 사람들에 대한 존경도 따르지도 않는겁니다.""","서울에 위치해서 출퇴근이 편하다.
설과 추석에 연휴비를 준다.
크리스마스, 창립기념일에 선물을 준다.(계란, 케익 등)
빠른시간 내 시험을 배울 수 있다.
연차가 안되도 진급할 수 있다.","한달에 2-3번은 주말당직을 서야 한다. 일요일에는 8시반에 출근해서 저녁 8시반에 퇴근한다. 평일에 일이 많아서 힘들기 때문에 주말당직 힘들어한다. 그리고 조가 다르면 서로 업무도와주기 눈치보인다. 하도 이걸로 뭐라해서 ..도와줘도 난리..연차가 있어도 시험을 못하는 사람들이 있어서 잘하는 사람만 바쁘다.주원료, 새벽, 키트, 청소, 주말과 공휴일 순번이 하도 많아서 정리가 안된다. 내 순번이 아닌데도 일을 하게 된다. 순번이 이상하다고 말해도 자기잘못 인정안하고 결국 해야한다. 근데 관리자들은 새벽대체에 안 들어오는지 모르겠다. 아침에 확인말고는 하는 것도 없어보인다.시험하느라 바뻐서 네이트온 확인 못하고 일을 잘못했을때 왜 네이트온 확인 안했냐고...바쁘니깐 못합니다. 그리고 본인들이 실수 했을때 정말 관대하다...자기자신에게 보살이다.시험적인 내용이 틀렸는데도 본인이 맞다고...아니라고 해도 우긴다...그리고 확인해줘서 틀린게 맞으면 미안한 기색이라도 해야하는데 뻔뻔하다.. 관리자면 시험 공부 좀 하시길..당연히 배울것도 없다..그냥 시험하는 기계가 된다...팀 운영 정말 못한다. 제일 윗분은 출퇴근 인사할때만 본다. 모든 업무는 팀장이 관리자한테 말하면 전달..제대로 설명을 못해줘서 이해가 안될때가 많다..똑같은 일을 반복하는데 왜 할때마다 설명을 해 줘야하는지 모르겠다...한창 배워야하는데 관리자가 업무를 잘 모르기때문에 배울게 없고 시험만 하는 기계가 된다. 그리고 뭐든 다 결정하고 통보..일은 우리가 하는데 하나도 우리를 위해 반영되는게 없다. 그러면서 배려하는 척한다...척하시 마시길..
마지막으로 팀장과 관리자들의 사람관리 최악이다. 업무와 사람에 대한 문제를 이야기 했을때 방관,알면서도 모르는척...문제가 커지니깐 본인들은 몰랐다고...왜 말 안했냐고..이야기를 몇번이나 했는데 모르는척하더니 왜 윗분들이 말하니깐 연기를..그리고 팀장,관리자들도 남 뒷담화하지마시길 우리도 다 듣고있습니다.","품질관리팀 문제에 대해 직시하시길... 모든 사실을 알고 있으면서 방관하지말고 개선해주시길...사람들 말도 들어보시길...아랫사람들이 윗사람들을 따르지 않는건 다 이유가 있습니다. 무시하는 이유가 있습니다.
사람들이 건수가 많아서 힘들어도 웃으면서 일할수있는 환경을 만들어주시길 경연진이 힘써주길 바랍니다."
2.3,(주)녹십자셀,2019. 02,1점,"""별점 0점 줄 수 있으면 0점 주고 싶은 곳""",식비 있음. 서울에 위치한다. 멘탈 갑이 될 수 있음. 세포치료제 시장에서는 알아주는 곳.,"서로서로 관계가 앞에선 괜찮지만 뒤에선...몇몇 물 흐리는 사람 있음. 하지만 그 물 흐리는 사람들은 자신이 엘리트인 줄 알아서 더 문제. 야근이 너무 많으며 업무 미친듯이 많음.
퇴근시 눈치보임. 직원을 사람으로 보지않고 기계로 봄. 연봉이 너무 짬. 모두의 꿈은 이직인 곳. 멘탈이 탈탈 털려서 나가거나 멘탈 이상해지거나 둘 중 하나. 정말 업무적으로 혹은 인간관계로 사람 미치게 만들고 힘든 곳.",인성교육 정말정말 많이 필요함. 사람들이 바뀌지않는 이상 똑같을 듯
2.3,(주)녹십자셀,2019. 01,1점,"""합병되면서 괜찮아 질 줄 알았으나 연봉계약서로 배신함""","백신 맞으면 2일 쉬게 해줌, 휴가 자유롭게 사용 할 수 있다.",디지몬 어드벤쳐다. 선택받은 아이들이 되지 않으면 무슨 일을 해서라도 올라가기 힘들고 윗사람과의 연봉 격차는 벌어지고 밑에 사람과는 연봉이 거의 비슷해진다.,"주말에 출근하라고하면 출근한다. 근무조도 일-목, 월-금, 출근시간도 8시 30분 출근, 12시 출근 하라는대로 다합니다. 그런데 타팀은 연장근무도 쓰고 주말근무도 하고 심지어 주말근무는 그냥 출고만 해주고 나머지는 앉아서 놀다 가고 제조팀은 GMP에서 갈리는데 똑같은 임금을 받는다. 차라리 타팀도 주말출근 필요하면 근무조로 돌렸으면 좋겠다."
2.3,(주)녹십자셀,2019. 01,1점,"""이 회사는 제조에서 시작해서 제조에서 끝납니다. 모든일을 다 제조가~~~""",모든 일을 제조가 다하기때문에 정말 다재다능한 사람이 될 수 있음. 회계프로그램 사용하고요? QA업무 하고요? 생산지원 일도 하고요?,"장점이 단점임. 분명 제조팀 입사했는데 택시비나 기타 영수증들 회계프로그램에 입력해줘야댐. 전표처리를 왜 우리가하고있는지.. 회계 뭐하나몰라.. 알아서좀 했으면..
QA 개웃긴게 자기네들 검토 제시간에 못끝내겠다고 제조한테 야근해서 포장까지 다하고가라함. 오류 잡아내는게 지네 일인데 오류 많다고 빼액대서 제조가 전날에 검토 한번 더하는데 못하겠다고ㅋㅋ 심지어 포장도 QA에서 해줘야하는 업무가 있는데 자기네들 주말출근 휴일출근 싫다고 안나오고 권한위임함.????회사 개판. 덕분에 제조는 문서업무 계속 밀리고있고요..
생산지원 지네 월말 재고조사하는것도 제조한테 시키고 위생물품 관리하는것도 저어어언혀 관리안하다가 제조에 떠넘겨버림. 그걸 준다고 받아오는것도 참..ㅋㅋ 심지어 원자재에 바코드 붙이는것도 제조가하고 몇몇 붙어오는것들도 바코드위에 다른 바코드 붙여서 어영부영 넘어가기도하고..난리임. 그와중에 누구는 제조한테 얕보이기싫다고 일부러 인상팍찡그리고 다닌다고함ㅋㅋㅋㅋㅋㅋㅋㅋ개웃겨
요번에 근무조 바뀌었는데 일하는거 더 쓰레기됨~ 8시에 나와서 저녁먹고 퇴근하라는데 8시에 퇴근한적도 밥먹고 간적도 거의없음ㅋㅋ 식대신청은 9시까지고 9시반까지 안쓰면그마저도 사라짐ㅋㅋㅋㅋㅋㅋㅋㅋ별 진짜 거지같아서","뭘 바꾸고 싶으면 사전에 계획을 세우고 검토를 하고 도입합시다. 아무것도 안된상태에서 이딴식으로 막 밀어붙이지말고. 아 그리고 여기 노조있던데 노조장이 팀장에 차장에.. 그거 안되는거 아시죠? 먼 인사권있는사람이 노조위원장이야. 그러니까 회사가 이따구로 개판인데 항의한번못하지. 아 일부러 그런건가? 항의말고 짜져있으라고.
근데 내가 경영진에 바라는 점에다가 일부러 이런식으로 쓰는데 솔직히 보지도 않으시죠? 하긴 뭐 신경도 안쓰실텐데.. 한풀이 하고 갑니다~"
2.3,(주)녹십자셀,2019. 01,1점,"""다양한 직무쪽의 업무를 체험해 경험을 쌓아보기에 좋은 회사""",휴가는 비교적 자유롭게 사용할 수 있음. 생산쪽이지만 문서업무도 다양하게 해볼수있음,가끔 이 업무를 왜 우리가 해야하는지에 대한 생각이 있음,"우리 의견도 어느정도 수렴해주시고 귀기울여주셔서 감사하지만, 좀 더 근본적인 해결책이 필요하다 생각합니다."
2.3,(주)녹십자셀,2019. 01,2점,"""일을 처음 배우는 신입한테는 일 배울기 좋은 회사""","식대제공, 이것저것 중간에 주는 것들이 많고 복지도 나쁘지 않은 편??","생각보다 박봉, 녹십자에서 가장 소외되는 회사, 답 없는 회식, 꼰대가 너무 많고 말이 안된다...여러모로",직원들의 불만을 들어주고 제발 회식은 새벽까지 하지 않도록..
2.3,(주)녹십자셀,2018. 12,3점,"""서울에 위치하고 휴가는 나름 자유로우며 팀별성향이 강함.""","사회 초년생이 많이 배울수있는곳
결혼하고 애낳고 다니기 좋은곳
서울에 위치해 있음 휴가는 지향
사내에서 연애하고 결혼하기 아주 좋은 회사
경영진의 열린태도","qa는직접맡아서 하는일없음 다른팀에 다 떠넘김 배껴쓰기 잘함 다른팀이 한거 가로채기 잘함 이런식이면 없어도 될듯
일은 제조 품질에서 다하는데 직급은 빨리 올라감
일하는 시스템이 너무 느림. 다른팀이 일 하는데 지들이 하는냥... 지들은 안하면서 다른팀한테는 다 하라함 다 남탓
제조 품질에 위임해버리고 자기넨 끝
아부세상 남의말을 못들음 자기말이 다맞음
빨리 하자더니 막상 자기들이 제일 느림 원칙안지킴
눈치보여 퇴근못하는데 일많아서 그런줄 착각함
도대체 왜 사람들이 나가는지 전혀모름
같은팀인데 서로 다른팀인듯 의사소통이 안됨
옆사람일을 대체하지도 못함

문서하고 싶으면 제조. 제조의 본분을 잊은 곳
온갖 밸리데이션은 다함 이런저런 관리업무는 점점 늘기만함
밸리데이션을 위해 있는 팀으로 보임
설명을 해주는 사람 없음 착한척만 오짐 앞뒤 다름
전달사항, 공지가 많아 정신없음 하루에도 수십개씩
주말에도 계속 톡옴

qc 사원세상 사원 맘대로 해도 됨 말 잘듣는 사원만 호구임
말을 안들어도 됨 그래도 진급 되니 하고싶은대로 하면 됨
품질보증팀 내 하위팀 공공의 적이 꼭 있어야 운영되는 거처럼 보임 사람들 앞뒤가 너무 다름 여자들 세상
일안하고 나가진않고 곧 나갈것 같은사람 천지
시간때우러 앉아있는 사람들 공지 많음

경영쪽은 모두가 사원이든 대리든 과장이든 팀장인듯 행동함
생산기획과 생산관리는 뭐하는 곳인지도 모르겠음

사원들도 지금 아줌마들처럼 뭐든 배려해줄수있을지...
결혼한 사람들로 인해 팀별 비밀이 없음
연애하고 결혼한사람들이 분위기흐림","모든일이 한쪽에 치우치면 어긋 나는 법 균형을 잘잡길
인원대비 업무를 잘 나누는게 필요한듯"
2.3,(주)녹십자셀,2018. 12,3점,"""직원 처우 및 복지 중소기업 대비 좋음
젊은 직원들 많음 분위기 젊음
녹십자 그룹 계열사""","연봉 처우 복지 등에 대한 신경을 많이씀
녹십지 수준으로 비슷하게 맞춰 나가거나 대우
최근 이전한 셀센터 건물 환경 좋음 구내식당 있고 밥도 맛있고 주차장도 있음
직원들 대부분 20-30대가 많이 분위기 좋음","세포치료제라는 단일품목에 초점을 맞춰 사업 진행 중
사업의 한계성 신규 품목에 대한 개발이 없음
의사 결정권자가 초기 멤버 임으로 신규 인원에 대한 의시 존중이 좀 어려움,
직원들 끼리는 괜찮으나 팀장급과의 업무 마찰이 심함","사업의 확장성을 가지고 회사를 운영 하였으면 좋겠고
이번에 랩셀과 합병을 통해 조직의 유연함이 더 좋아지고
더 성장했으면 합니다"
2.3,(주)녹십자셀,2018. 12,1점,"""녹십자에 속아서 들어오지마세요
취업힘들지만 절대 오지마세요. 잡플래닛 1점대인 이유가 잇습니다.분명히""","정신력을 배울 수 있음
새벽에 부르면 나와야함 제조나품질은 그냥 일하라고하면 해야함 근데 돈은 최저시급 줌 그래서 정신력을 배울 수 있음",연봉이 형편없음 중간관리자가 없어서 서로 떠넘기기식으로 일함 잡플래닛 1점대는 정말 아닌회사에요..,"경력사원을 투명하게 채용했으면 좋겠음
왜 뽑혔는지도 모르겠고 분위기만 흐리는중
사원들 다 알고있음.."
2.3,(주)녹십자셀,2018. 11,1점,"""와 그래도 정말 일하면서 보람찼다라고 생각한적이 있었을까 하는 회사
자소서 지원동기 다시한번 읽어보게 만드는 회사""","Qa는 도서관 QC는 똥군기 제조는 노동자
경영지원은 말하기도싫음
나머지는 월급루팡, 공무원","이미 처음부터 잘못되어있어서 들어가면 잘못된 방법으로 배워서 잘못된 방법으로 모든 걸 하다가 어라? 내가하는게 잘못된방법이라는 걸 깨닫는 순간 이직하게 만든다. 아니 어떻게 이렇게 잘못된 방법으로 하고있었지하면 그 잘못된 방법을 만든사람들이 윗사람이 되어있고 그들은 나갈생각이없으니 맘에 안들면 나가라는 식
다른 회사처럼 가이드란게 존재하지가 않음, 저번주에는 이렇게 했다가 다음주에는 저렇겧
실무진에서 봤을 때는 기업을 성장시키기 이전에 내부에 있는 문제점이나 해결되지않은 것들을 해결 해놓고 사업을 확장시키는게 좋아보임. 실제로 경영진이 생각하는 것보다 다니고 있는 사람들의 능력이 매우 좋지 못함. 실력은 거의 동네 축구수준인데 월드컵 우승 바라보고있는 우리나라 축구랑 비슷함.",무리한 사업 확장보다 지금 회사가 제대로 돌아가고있긴한지 확인점 생각보다 다이나믹할거임
2.3,(주)녹십자셀,2018. 11,1점,"""매출은 계속 늘고 체계는 계속 없음 앞으로도..""","부서마다 다르지만 사무직은 비교적 연차사용 자유로움
샌드위치휴가나 본사 여름휴가때는 사무직도 전체휴가
그래서 일주일동안 자금집행도 안되고.. 이후 없음","업무체계가 매출실적에 반비례하는듯
이건 이렇게 저건 저렇게 케바케만 넘쳐남
전체직원 5명밖에 안되는 회사처럼 일하면서 업무 소통 안돼서 일어나는 사고는 니책임입니다.
관리직은 책임 안지려고 눈치싸움 다들 자기 목숨 부지하기 바쁨

3년이상 근속=능력없어서 다른회사 못가는거.
계속 있다보면 하던것 밖에 모르고 신입 들어올수록 자기 일하긴 편해지니까 그냥 죽치고 있는거임.

어쩜 이렇게 비효율적으로 일하나 싶은데 이 회사가 굴러가는게 신기함.

생산직에서 대충 2~3년 주말이고 칼퇴고 오후시간이고 없이(거기다 연봉도 적음) 일하다가 경력만 쌓아서 이직할 생각이면 가세요. 혹시라도 면접 떨어지면 땡 잡았다고 생각하길.","직원들이 오래 근속하길 바라면 돈을 많이 주던지 업무 처우를 개선해주던지, 그런것도 없이 있는 사람만 죽어라 굴리면서 생색이나 내려고 수건 수건 수건좀 그만 주세요"
2.3,(주)녹십자셀,2018. 11,3점,"""바이오 쪽 분야로 전망 가능성이 높은 회사
하나의 제품만 생산중""","서울에 위치해있음
미래 전망이 좋음
복지가 나쁘지 않음","세포배양 업무상 새벽근무 주말근무 야근이 많다
자기 시간이 없다","인원을 더 충족시켜 더 나은 근무생활을 할수있겠금
해줬으면 좋겠습니다"
2.3,(주)녹십자셀,2018. 11,2점,"""과다한 업무량과 낮은 연봉체계, 여초회사""","도시 한복판에 있어서 문화 생활 즐기기엔 좋음
녹십자의 자회사라 다른 사람들이 들으면 좋아보이는 회사","비효율적 업무지시, 낮은 업무, 부서 내 여성 직원들의 뒷담화가 심함",야근을 줄여주시던가 아니면 연봉상승을 해주시면 좋겠습니다.
2.3,(주)녹십자셀,2018. 10,1점,"""단일품목으로 매출내면서 생산본부 개무시하고 영업 우대하는회사 영업 및 사무직 갈사람은 지원하세요""",서울에있음. 장점이 없는데 30자 최소라고 그래서 이렇게 핸드폰 타자 실력늘려주게 만드는 게 장점중 하나임.,"생산쪽 파업한번하면 당일 출하부터 제조까지 개박살나서 손해액만 억대로 찍을건데 생산쪽 배려 하나도없고 경영 재무 영업 감싸고돌기 오짐. 일거리많아서 6시출근조 목금만 5시출근하자더니 풀5시출근 시킬 생각 만만임. 심지어 나이트까지 만든다함. 암치료제 만들러와서 암걸려나갈듯. 팀에 2년차 이상 사원이 극극극소순데 거기다 과장들한테 일년차도 안된 사원들 데리고 니네가 고생이 많다 대단하다 이딴 말 함. 왜 중간에 사원이 없는지 생각도 안해봤나봄. 다 나갔으니까 없지.. 왜 다 나갔는지나 고민좀해보지 뇌가 텅텅 빈거같음. 심지어 사원 나간다는데 붙잡아볼 생각도 안함. 하나 나가면 타격이 얼마나 큰지 생각도 안하고있는거임. 영업은 생각없이 계약따와서 생산에 니네가 많이 못만들어서 계약 많이 못딴다고 궁시렁거림. 다 사람손으로 하나하나 만들고있는데 만들 사람도 부족하고 만들 공간도 없음. 애초에 생각없이 제조하는 공간을 개 작게 만들어놨는데 거기서 많이 만들 수 있겠냐. 생각을 좀 하고 살았으면 싶음. 게다가
경영진이 사회생활 안해본 의사 천지라서 회사를 어찌 운영해야되는지 하나도 모르는거같음. 개웃긴게 제조가 메인인 회사면 제조 인원이 많아야 회사가 돌아갈텐데 올초까지만해도 제조쪽보다 사무 영업쪽이 사람 더 많았음. 생산쪽은 인력부족해서 자리에 앉아있을 시간도 없는데 그사람들 개 여유 넘침. 밑에보니까 회사 추천하는 글 있던데 사무직인거 보면 답나오지않음? 생산쪽이었으면 저런글 못씀.","전에 불만 말하니까 니들이 알아서 통계 가져와서 우리가 이만큼 했고 열심히 했다고 주장하라고, 영업쪽은 매번 가져온다고 말하셨는데요. 가져가서 주장할 시간에 우리는 공정 하나라도 더 치고 마무리하려고합니다. 한번이라도 사이트 들어가서 우리가 얼마나 일했는지 볼 생각은 해보셨는지?
처음 이 회사 들어올때 채용공고에 세포치료제 배양하는게 업무라고 했죠. 내가 환자들 치료 할 수 있는 약 만든다, 내가 일해서 환자들이 덜 고통 받는다 생각하고 매일 2백건 넘는 공정 처리하고 휴일에도 비슷하게 일하는데 이 회사 제조팀 노가다 취급하고 무시하는 거 보면 내가 왜 이딴 취급 받으면서 아무도 안알아주는 일 하고있는지 회의감밖에 안듭니다. 지금 2,3년차 사원들 다들 퇴사계획 세우고 있는데 알고는 계신지? 곧 다 퇴사하면 1년차들 데리고 잘 운영해보십쇼~"
2.3,(주)녹십자셀,2018. 08,1점,"""요즘 취업난이라서 많이들 힘드시겠지만 더 준비해서 더 좋은 곳으로 가셨으면 아니 충분히 갈 수 있습니다. 힘내세요.""",연차나 휴가를 자유롭게까지는 아니더라도 특별한 상황이 없는 이상 쓸 수 있다. 1년에 한 번 5일간 여름휴가 본인이 쓰고 싶을 때 쓸 수 있다. 그리고 추석이나 설날에 선물이랑 얼마 안되는 떡값 받을 수 있다.,"출퇴근 시간 주마다 달라서 패턴 다 무너지고 제조팀의 특성상 주말 출근도 해야한다. 즉 워라밸? 그런거 없다.
사람들이 2~3년 경력 채우고 나가서 경력있는 사람이 없어 중간관리자 아닌 중간관리자 역할을 하게 된다.",제조팀 인원들은 회사에 꼭 필요로 하는 인원들 입니다. 회사의 매출과도 직접적으로 연관도 되어 있구요. 퇴사자들이 많이 발생하는데도 원인은 찾지도 않고 이 상황을 모면하려는 데에 급급한거 같습니다. 신경 좀 써주세요.
2.3,(주)녹십자셀,2018. 08,1점,"""쉬쉬가 많은 회사 이런식이라면 금방망해도 할말없는 회사""","휴가에 자유로움
윗사람들의 꼰대가 오히려 장점이됨
전문인력이없어 내가 우수사원이될 수있음","직원들 마인드
회사 내 왕따
실수를 덮어버리는 마인드
이익만 창출하려니 실수도 잘못도 묻어버리는 회사","그냥 이대로 가라
그럼 망할거같다
생각보다 분위기흐리는 사원을 쉽게 찾을수있다 그러니 제발 퇴사시켜라"
2.3,(주)녹십자셀,2018. 08,1점,"""녹십자 계열사라고 돈 많이 받을 생각을 하고 들어오면 안됩니다.""","자유롭게 연차를 사용 할 수 있고 수평적인 기업 문화가 대표적인 장점임
대부분 20대 중 후반, 30대 초반으로 인원들이 구성되어 있음","출 퇴근 시간이 주마다 변경되어 바이오 리듬이 심각하게 안좋아짐
주말 및 공휴일 출퇴근이 발생하여 희생해야함, 명절도 포함임","연봉 인상이 많이 되었으면 좋겠습니다.
모든 팀을 차별 없이 봐주셨으면 좋겠습니다."
2.3,(주)녹십자셀,2018. 07,4점,"""2013년 흑자전환 후 바이오 기업으로는 눈에 띄는 성장세로 점점 발전해 가는 회사""","암환자들의 생명을 살리는 기업, 젊고 수평적인 사내문화, 우수한 복지제도, 미래가 희망적인 회사","중견 및 대기업에 비해 아직은 부족한 연봉, 암환자의 치료를 최우선으로 생각하기 때문에 새벽, 저녁 근무조 등 업무강도 있음","더 많은 암환자가 저렴한 가격으로 치료할 수 있도록 하고, 해외 진출 성공을 통한 글로벌 회사를 만들었으면.."
2.3,(주)녹십자셀,2018. 06,1점,"""별 하나주기도 아깝다. 인성 덜된 사람들이 판치는 회사""","사람이 계속 나가서 신입을 계속 뽑음
점심을 준다
장점이 없어요","과장 이상 다 고인물 능력없음 인성 덜되었음
정상은 다 나감
능력없는 사람들이 너무많음
위로는 꼰대들 아래로는 전형적인 여자 무리가 판치는회사
시스템이 하나도 안잡혀있음 능력이 없어서 업무강도 낮음","왜 자꾸 사람이 나가는지 제발 생각하시길
젊은 사람들이 문제인줄 아는 경영진
팀장들 팀원관리 잘하시길"
2.3,(주)녹십자셀,2018. 06,3점,"""괜찮은 듯 안괜찮은듯 보통의 회사. 서울에서 바이오를 하고 싶은 사람에게는 나쁘지 않은 바이오회사""","세포치료제 특성상 일을 빨리 다양하게 배울 수 있고, 빠른 일처리를 배울 수 있음. 보통 한가지의 실험을 담당하는 제약회사와는 달리 세포치료제가 하는 실험을 전반적으로 다 배우고 해야함.",세포치료제이기 때문에 하는 실험이 한정되어 있음. 실험을 시작하고 끝내야하는 기한이 일주일 하루가 아닌 몇시간 내외로 스트레스를 쉽게 받는 사람에게는 많이 힘들 수 있음. 적절한 성비가 맞춰지지않음.,사람이 소중하다는 마인드는 좋으나 문제가 되는 사람이 그만 두겠다는데 왜 잡아서 일 잘하고 열심히 다니는 사람에게 스트레스를 주는 지 모르겠습니다. 타고나게 일을 못하나 노력도 하지 않고 자기가 일을 못하는지도 모르는 사람이 누군지 알면서도 쓴소리하지 않고 방치하며 결국 일 잘하는사람에게 마무리를 부탁하시는데 일 못하는 사람에게 그만두라고는 못하지만 잡지는 않으셨으면
2.3,(주)녹십자셀,2018. 06,3점,"""발전할수있는곳입니다
체계가 잡힘 들어오시는분들은 열심히 하시길 바람""","그냥 자기 할일 묵묵히 하면 뭔가 커리어에 좋음
복지가 좋은편이라 왠만하면 이직안해도되요","뒷담화를많이하기때문에 귀를닫고 일해야함
야근이 잦고 잡일을 많이 시켜서 각오하고 들어와야함",봉급을 올려주셨음 좋겠습니다 좀더 자기계발할수있는 시간을 더 주세요
2.3,(주)녹십자셀,2018. 06,3점,"""세포치료제회사로서 매년 성장해가고 있음.""",워라밸이 좋음. 칼퇴나 휴가 같은건 눈치안보고 마음대로 쓸수있음. 여성들이 다니기에 좋은 회사. 일적으로 타회사에 비해 다양하게 많은 일을 배울수 있음. 그리고 녹십자라는 네임밸류때문에 이직할때도 대기업으로 많이들 쉽게 가는것 같음.,"연봉이 형편없음. 매년 상승시켜주고 있지만, 동종업계 타회사들에 비해 확실히 적음. 중간관리자 급이 없어 사원이 중간관리자의 업무까지 처리해야하는 경우가 많음.","회사가 계속 성장하고 있는데, 회사가 성장하는 만큼 직원들에게도 더 배풀어줬으면 좋겠음."
2.3,(주)녹십자셀,2018. 05,2점,"""무균주사제를 만드늘 회사에서 좋은 경험을 했고 평생직장은 아닌 곳""","서울에 위치함
다양한 경력을 쌓을 수 있음
본사 수준의 복지제도","생산본부는 주말출근, 야간근무 등이 잦음
워라벨이 보장되지 않음
단일제품 생산
업계 최저연봉","생산본부 직원들의 노고를 알아주셨으면 합니다.
직원들이 얼마나 힘들어하는지 귀기울여주세요"
2.3,(주)녹십자셀,2018. 05,3점,"""녹십자 계열사로 적당한 복지가 제공됨
세포치료제 시판제품이 있음""","근무지가 서울이였으나, 지금은 용인임
연차수당을 보장해줌","연봉이 타기업에 비해 상대적으로 적은 편
단일 품목
출근시간이 유동적임","연봉 테이블 재조정이 필요하지 않을까 합니다
여직원의 비율이 높아 육아휴직 대체자 채용과 같은 대책 마련이 있었으면 합니다"
2.3,(주)녹십자셀,2018. 05,1점,"""왕따시키지 않으면 왕따당하는 회사. 체계가 잡혀있지 않아 잡업무를 닥치는데로 다 해야함 선배대접받으려는 사람들이 많음. 전형적인 꼰대 문화""",휴가를 눈치보지않고 자유롭게 쓸 수 있음. 복장이 자유롭고 일안하려면 한없이 안할수 있음 반대로 하는 사람만 계속함. 녹십자라는 타이틀이 있지만 못받는 혜택이 많음,"적은 연봉, 1년 이상된 여자직원들은 뒷담하려고 출근함. 여초회사라 말이 너무 많음",사원들간의 불화를알고있으면서도 방관하는 것이 분위기를 계속해서 망가뜨리는 것이라 생각함. 이를 개선하지 않으면 발전하지 못할듯함
2.3,(주)녹십자셀,2018. 04,4점,"""능력이 된다면 그 능력을 평기받을수가""",위에 몇명 빼고는 전부 신입이므로 자기 개발을 통해 앞서갈수 있다,여자가 너무 많음 그래서 뒤에서 무서운 소문도 마니 난다 너무 무서워요,연봉인상으로 인해 모든사람이 믿고 의지하며 다닐수 있는 회사가 되었음 좋겠습니다
2.3,(주)녹십자셀,2018. 01,1점,"""녹십자셀은 그냥 중소기업. 경력달고 이직. 인성이 안된 사람이 판치는 그런 회사.""","중간관리자가 없어 빠른 시간 내 일을 배우고 이직하기 좋음
설, 추석 등 선물은 잘 나오는 편임
가산디지털단지역에 있어 대중교통은 편리함","중간관리자가 없어 사원부터 과한 업무를 해야함
하루에 정해진 일정대로 개미처럼 일하지만 연봉이 매우 낮음(내가 이돈받고 이정도까지 일해야 하나 생각이 항상 남)
일을 닥치면 처리해서 제대로 진행이 안되서 똑같은 일을 다시함 비효율적인 시스템
일잘하는사람은 일이 계속 늘고 못하는 사람은 믿지 못하니깐 일을 시키고 봐주라고 함(하나부터 열까지 설명을 해줘야 알아먹는 신입보다 못하는 사람이 있음, 위에선 방치, 같이 일하는 사람들만 힘듦)
인성면접을 보지 않아서 인성이 이상한 사람이 있음
윗사람들은 사람관리가 정말 부족함(일도 일이지만 윗사람의 사람관리 능력 부족으로 퇴사를 생각함)
회사에 대한 문제를 이야기해도 해결되지 않음 그래서 다들 이직을 생각함
중간관리자들이 분위기를 흐리고 어른답지 못한 행동이 빈번하지만 알면서도 그 윗사람들은 묵인하고 있음
팀 분위기가 좋아 보이지만 서로 사이가 안 좋은 사람이 많고 무시하는 일이 많음 끼리 끼리 놀음",퇴사자들이 하는 말들을 통해 문제를 직시하고 해결하도록 해야함.
2.3,(주)녹십자셀,2018. 01,1점,"""녹십자라는 큰 틀에 속해있으나 실상은 중소기업과 다름없는 곳""","녹십자 타이틀로 이직할 때 도움됨
녹십자의 복지를 가져오는 중
셀센터 이전으로 회사 규모 증가
시키는 일만 할 생각이라면 다닐 수 있는 곳","녹십자의 이름만 단 중소기업
정시퇴근 없음
박봉으로 경력 1-2년 쌓으면 대부분 이직함. 이로인해 중간책임자의 부재로 사원이 대리, 과장 몫을 해야함
야근수당이 있으나 생산팀을 제외하고는 거의 신청하지 않는다 보면 됨.
여자 사원이 많아 회사가 아닌 여고 느낌","회사 규모를 키우는 것도 중요하나, 그에따른 내실을 다지는게 시급합니다.
회사는 바뀌려하나 내부 분위기가 바뀌지 않으면 인재들이 머무르지 않을 것입니다"
2.3,(주)녹십자셀,2018. 01,1점,"""별 하나 주기도 아까운 기업
입사하자마자 열심히하면 단기에 다양한 경력은 쌓을 수 있을듯""","사람들은 착한듯
중간관리자급이 많이 없어서 승진은 빠를수도..??","녹십자 이전의 원년 멤버들때문에 회사가 발전하기 힘들어 보임.
굉장히 보수적이고, 꼰대기질들이 다분함.","연봉, 복지라도 좋으면 사람들이 이렇게나 많이 나가지는 않을듯"
2.3,(주)녹십자셀,2017. 12,2점,"""힘들었지만 어떻게 하냐에 따라 배움의 차이가 큰거같다 녹십자이면서 녹십자가 아님""",녹십자 계열사라 나쁘지는 않고 녹십자 본사 셀 센터로 이동하기때문에 기대효과가 높음,야근도 좀 있고 휴일 근무때문에 힘들다 그리고 낮은 연봉,낮은 연봉때문에 사람이 왜 빠져나가는지ㅜ알수 있었던 기업이었기에 더 좋은 복지 연봉을 줘야함
2.3,(주)녹십자셀,2017. 12,2점,"""여러가지 일을 해서 신입이 경험을 쌓을 수 있는 곳. 생각없이 아니면 오래 다닐 수 있는 곳""","눈치보지 않고 연차 사용 가능
근로자의 날, 창립기념일, 생일 선물 나옴
업무강도 세지 않음
적당한 워라밸","연봉 적음
타부서 일인 것 같은데 내가 해야되는 일들이 있음 (왜 내가 하고 있는건지 모르겠음)
일 하는 사람만 하고 안하는 사람은 안함
사람들이 전반적으로 불만이 많아서 안좋은 얘기만 많이 들림",일개 사원이나 대리 얘기도 좀 들어주세요. 실무진들과 경영진의 생각 차이가 너무 큽니다
2.3,(주)녹십자셀,2017. 12,1점,"""1년? 2년이 적당함. 3년부터는 진짜 능력없어서 남는거다""","연차보다 휴가가 자유로움.
말할 기회는 많음.
밥은 먹여가며 일을 시킴.","인재가없음
말할 기회가 씨알도 안먹힘
사람만 많음
일은 안줄어듬","그냥 그대로 있어주시는게 도움이 됩니다.
듣지도 말하려지도 않았으면..."
2.3,(주)녹십자셀,2017. 10,2점,"""아직 20세기, 00년대에 살고 있는 회사""","실체가 있는 제품을 가진 바이오 기업이 얼마없다. 해당 분야에 뜻이 있다면 충분한 경력으로 삼을 수도 있다. 실제로 여건 좋은 곳으로 이직을 많이들 한다.
제조, 품질쪽은 일하는 사람들이 젊다. 나머지는... 애도...
비슷한 나이대의 사람들끼리 잘 모여다님
큰 일 없으면 야근이나 휴일출근 없음. 다만 눈치는 꽤 줌. 팀마다 케바케
빠른 시일 내에 녹십자 본사 쪽으로 새로 건물을 짓고 장비도 최신화해 이전한다는 계획 있음.","일보다 정치에 혈안이 된 중진들. 보고서를 위한 자료를 만들 일이 많을 것.
종이결재 진행 후 전자결재를 다시 올리는 비효율적인 업무 시스템
별것도 아닌 것에 대단한 군대식 예절을 강요하는 임원들
중간관리자 시스템이 전혀 없다. 제조 품질의 어린 친구들 관리가 제대로 안되고, 다른 파트는 실무자 라인이 많은 양의 업무를 뒤집어 쓴다.
무능한 고인물이 많다. 능력있으면 다 나가거나 나갈 준비를 하고 있다.
하는 일이나 책임에 비해 낮은 연봉, 오래 일한 사람들로만 흐르는 복지.
의미없는 술자리, 회식 강요.",회사가 더러워도 참고 버티는 시대는 옛날에 끝났습니다. 요즘 젊은 애들은 이것밖에 안되냐는 이야기를 하기 전에 시스템이나 주요 인원부터 바꾸시길
2.3,(주)녹십자셀,2017. 10,1점,"""바이오의약품 회사로써 나날이 발전해가고있는 기업.""","식사비를 제공한다..
교육의 기회가 많다..
바빠서 지루할 틈이 없고 시간이 빨리 지나간다","여태까지 써져있는 후기들과 똑같다....
스트레스를 아주 많이 받을 수 있다
중소기업의 단점을 모두 가지고 있는 듯",사람들이 자꾸 나가는 이유가 뭔지 확실히 파악하고 그에따른 조치를 취해야 할 것 같습니다
2.3,(주)녹십자셀,2017. 10,3점,"""벤처기업으로 스타트하여 아직 벤처기업의 문화가 남아있는 회사.""",연차 사용시 별다른 간섭없이 자유롭게 사용 가능. 팀별 업무 분업화가 비교적 잘 되어 있어 본인의 업무만 잘 하면 됨. 퇴근 시간이 잘 지켜지는 편.,"물품 구입시 결재가 까다로운 편. 통상 사용하는 소모품의 구매도 사용처를 구체적으로 증명해야 하며, 최저가를 항상 체크해야 함. 업계 타사와 비교 연봉이 낮음.",입사시 연봉을 깎으려는 의지가 강한 것이 지원자의 눈에 두드러짐. 좋은 직원을 구하고자 한다면 그에 맞는 연봉을 제시하는 것이 장기적으로 더 이익이 될 것임을 인지하기를 바람.
2.3,(주)녹십자셀,2017. 10,1점,"""옛날 사고방식을 가지고 있는 무늬만 녹십자인 중소기업""","식사 제공
비교적 쉬운 승진(잦은 이직으로 인한 상급자의 부재)","일이 많다
상명하복
여자가 많다
퇴사율이 높다
안그래도 안 좋은 물, 고인 물에 미꾸라지 몇 마리가 물을 더 흐리고 있음.
그나마 정상인 사람들은 경력만 채우고 좋은 회사로 나감","경기도로 이전하고 대대적인 개편을 준비하지만...
이전하기 전 개편이 필요할 듯"
2.3,(주)녹십자셀,2017. 09,1점,"""자신의 업무를 이해 하지 못 하는 사람들이 자리를 지키는 곳""",나인 투 식스가 가능하다. 월급이 밀리지 않고 제때 들어온다.,"경력을 쌓기에는 업무가 적고, 같이 일을 할 수 있는 사람이 없음. 누군가 험담을 하거나 남의 성과를 자기의 성과로 가로채는 곳.",각 manager들을 교체하지 않는 한 일을 하기 보다는 자리를 지키는 일만 반복될 곳 임.
2.3,(주)녹십자셀,2017. 09,2점,"""그토록 사랑한다던 회사를 떠납니다. 제조파트 및 품질관리, 품질보증파트로 이직을 생각하시는 분은 이 리뷰를 꼭 봐주세요.""","니부어의 집단 윤리 수준은 개인 윤리의 합보다 낮다는 명제를 이해할 수 있으며 막스 베버의 관료제 이론이 얼마나 위대한 이론인지 깨달을 수 있다. 당연한 이야기라고 생각하던, 코웃음 치던 조직의 목표와 조직원의 목표는 일치하지 않는다는 대리인 이론을 정말 뼈저리게, 뼈저리게 느낄 수 있다.","정말 최선을 다해서 바쁘게 일해도 일이 줄지가 않으며 일과 후 자기 개발할 시간도 없음. 물론 위에서 이해하기는 커녕 혹사 시키는 수준의 업무량을 배분함. 업무 시간 또한 뒤죽박죽. 새벽에 출근, 늦저녁 출근 하긴 뭐 퇴근이 없다 시피하니까 출근 시간이 뒤죽박죽인 것에 의미가 있겠느냐만은. 직접 경험해보지 않고서야 모름. 기염을 토하며 말해도 모자를 판.","사람이 제도를 만들고, 제도가 문화를 이루고, 문화가 사람을 지배합니다. 가족들과 함께하라는 의미의 패밀리데이를 만들었답시고 정시퇴근? 하물며 정시퇴근은 합니까?
제가 이런 리뷰를 작성한다고 회사에서 뭐 하나 바뀔 것 있겠냐만은 제발 제조팀 인원들이 더 편한 업무환경과 살인적인 업무량에서 벗어나게 해주세요 제 동기들은 제가 살면서 만나본 가장 우수한 인적 집단입니다. 사랑해서 들어온 회사입니다. 지금부터 10년, 20년이 지난 후에 저의 동기들이 저에게 너 그 때 왜 나갔냐. 조금만 더 있었으면 정말 잘 되었을텐데. 말을 해줬으면 좋겠습니다. 물론 보지도 않겠지만 혹여나 기업 리뷰를 보고 계신다면 왜 평이 이모양 이꼴인지 사원들 의견수렴이라도 한 번 해주시고 더 나은 업무환경을 제공해주세요. 이제 더이상 사원들은 회사에 종속되어 있다고 생각하지 않고 쌍무적인, 그러니까 페이와 노동의 댓가를 수평적으로 보고 있습니다. 정말 위험한 상황이라고 생각이 듭니다. 어떤 상황이 와야 제품생산에 지엽적인 일을 도맡아 주시는 어머님들(반장님들이라 불리시는)께서 파업을 생각하셨을까요? 여차하면 사원들도 나갈 생각이 다분합니다. 연장근무는 너무 타성에 젖어 안 하면 기뻐합니다. 정상입니까? 회사가 과도기라서 그런 거라는 변명은 더 저희를 지치게 만들었습니다. 왜 미리 사람을 더 뽑지 않았는지, 왜 더 많은 생산량을 감당할 제조 시설 카파를 구축하지 않았는지, 이렇게 많은 변화를 한 번에 수용할 수 있었을거라 생각했는지, 아직도 녹십자셀이 아닌 이노셀 경영 마인드인 것인가요?"
2.3,(주)녹십자셀,2017. 08,1점,"""녹십자인듯하지만 전혀 다른 곳이다 제약회사의 느낌이 덜한곳""",지하철 역과의 접근성은 좋은편임 도보로 10분 이내로 갈 수 있었다,옛날 사고방식을 가진 사람들이 많다고 느낌. 특히 임원분들은 다소 보수적이신 경향이 있고 분위기가 사뭇 어수선하다. 경기도로 본사를 옮긴다고 들었는데 그땐 달라질지도.,열린 마음으로 많은 사람들을 ㅣ포용할 줄 알아야 더 많은 인재를 뽑을 수 있지 않을까 싶음.
2.3,(주)녹십자셀,2017. 07,1점,"""회사차원에서 뭔가 나아지려고 노력은 하지만 사람들이 안 따라주는 회사. 말만 좋은 회사""","할 일만 다 끝낸다면 퇴근이 타기업에 비해 자유로운 편. 사내연애에 대한 인식 쏘쏘.
명절비 및 선물, 경조사 챙겨주는 것.
대부분의 팀원이 젊다. 배울게 많다. 이직시 대기업으로 이직을 많이 한다.","바빠서 신경이 날카로움. 전형적인 여자많은 회사 분위기.
자신이 힘들기 때문에 타인이 힘든 것을 못 보고 매일 자기만 힘들다고 징징거림. 능력이 없을 수 록 지식인인척. 하지만 결국엔 자기밖에 모르는 이기적인 사람 많음.","연봉 인상을 꾸준히하고있지만, 외부로 이직하는 인재들을 놓지지 않으려면 더욱 꾸준하게 연봉인상이 되어야 함.
애사심을 가장한 횡포를 회사 측에서 적절하게 조절해줘야함."
2.3,(주)녹십자셀,2017. 06,2점,"""보수적인 기업 문화, 적은 연봉에 비해 과도한 업무, 가장 큰 문제점은 이게 문제인지 모르는 경영진과 상사""","선물 잘 챙겨줌, 아부 잘하면 승진 문제없음, 사내연애로 피해줘도 신경안씀 사내연애에 자유로움, 기업 이미지 메이킹을 잘함","선물 잘 챙겨주는데 생색엄청냄, 연차 눈치, 반차 눈치, 상사의 눈 가리고 아웅, 10명이 아니라고 해도 1명이 맞다고 하면 바뀌는거 없음, 보수적인 경영진과 상사들",연봉으로 나가는 사람을 잡지 못하시면 기업문화를 바꾸시길
2.3,(주)녹십자셀,2017. 05,1점,"""구로에 위치에 있는 아주 보수적인 하급기업
요구하는 기본 직원 자세에 비해 낮은 연봉""","나름의 시스템 갖추고 있음
부서별 상이 하지만 빠른 퇴근 적절한 눈치 퇴근으로 나뉨","복장, 기호식품(흡연,음주), 보수적 예절 두루 안좋은 전통적 일제 한국 문화 그대로 유지, 낮은 연봉, 연봉을 매꾸려는 알량한 특근 야근",보수적 마인드로 운영하는게 취미라면 신세대 직원들한테 면접 때 미리 공지 부탁드려요
2.3,(주)녹십자셀,2017. 04,2점,"""사업성(바이오,세포치료제) 성장 가능성,비전
은 좋은 회사임
20대 중 후반 의 젊은 인재들이 있는 회사
시스템 구축이 덜 되어있어 일적으로 추진하고 배우고 싶다면 추천 하는 회사""","야근의 강도가 쌘 편은 아님 특별한 감사등이 있지
않는 이상 6시 퇴근가능 (부서별 상이함)
젊은 인재들, 중소기업 치곤 괜찮은 복지","직원에 대한 배려가 적음
윗사람들 능력없음 (과장,대리,팀장)
연봉 처우 매우낮음 (2천 초중반 수준)
책임전가 심함
시스템 아무것도 안되어있음
단품 매출, 매출대비 인력 수 많음
녹십자 계열이라는데 복지나 처우는 대우도 못받음
녹십자 왕따회사...","직원들의 역량을 위해서 연봉 및 처우 업무적인 전문성을 극대화 시켜줬으면 좋겠음
중간관리 및 팀장의 능력 저평가 (윗사람을 믿고 가기
힘든 구조),단일 품목 매출진행 구시대적인 마인드
뭔가 있는 척 하느회사가 아닌 실제 실속이 있는 회사가 되어주길 바람"
2.3,(주)녹십자셀,2017. 02,2점,"""녹십자인척하는 녹십자의 계열사입니다.""",품질/제조팀은 비슷한 연령 비슷한 인원이라 재밌게 어울리지만 그외의 팀들은 부수적일뿐입니다.,"암묵적 야근이 많으며 , 연봉이 많이 낮습니다.
10년된 과장이 대리보다 낮은경우도 있습니다.","급여 및 임직원 복리후생, 왜 사람이 나가는지에 대한 정확한 판단이 필요합니다."
2.3,(주)녹십자셀,2015. 12,1점,"""위로는 꼰대들 아래로는 전형적인 여자무리들이 판치는 회사""","녹십자 타이틀, 본사로 이동, 그것말고 장점 없음. 중소기업임","위로는 꼰대들 아래로는 전형적인 여자무리들이 판치는 회사
적은 연봉, 인력관리 못함, 쓰레기인성, 편가르기, 잘못되고 있는걸 알면서도 묵인하는 팀장들.,한숨만 나온다.","대대적인 인력 물갈이 필수, 채용시 인성검사 필수, 연봉상승"
2.3,(주)녹십자셀,2015. 08,4점,"""발전가능성이 큰 급성장중인 회사로써 기대됨""","국내유일 항암면역세포치료제 생산, 세포치료제관련 다양한 업무의 전문적인 습득",세포치료제 업무특성상 휴일이 없음 (주말명절순환근무),복지증진 업무의 효율적인 조절 및 분배
2.3,(주)녹십자셀,2015. 06,2점,"""녹십자의 가족사로서 발전하려고 하나, 기존 이노셀 멤버들의 개혁이 필요함""","생물학적제제 등의 품질관리/생산공정에 대해 얉게 배울수 있다.
신입은 대기업으로 이직할 기회가 많다.
세포치료제의 연간 출하 수는 국내 1위라 할 수 있어 공정/시험을 반복적으로 배울 수 있다.",끼리끼리 문화 바꿔야함. 대학교 동아리방 같은 분위기를 바꾸고 성숙한 기업문화가 자리 잡길 바람.,"진정 몰라서 못하는가? 알면서 안 하는가?
현실적인 직급별 연봉체계 구축, 회사다운 기업문화를 만들기 위한 개혁이 필요."
2.3,(주)녹십자셀,2015. 02,1점,"""단일 품목, 연구 개발 능력 없음. 미래가 매우 불투명한 회사.""","야근에 대한 부담 X, 회사 아래가 쇼핑몰, 업무 강도가 낮음.","과장 이상은 능력 없고, 능력 있는 사람들은 다 나가고 능력 없는 사람들만 있음. 다들 몰라서 업무 강도가 낮음.",능력 있는 사람들은 왜 다 나가는지 잘 생각해봐야 함. 능력없고 줄서느라 아부하는 사람들을 정리하지 않으면..
날 괴롭힌 삭제된 댓글,(주)녹십자셀,서울,,,,,
4.0,에이비엘바이오(주),2019. 08,4점,"""대기업 경력자들이 모여서 만든 벤처, 몸집이 많이 커졌지만 아직 갈길이 멀다.""",일하면서 배고픈적은 없음. 연차는 크게 눈치 보지 않고 쓰는 분위기지만 팀마다 다름. 대표님이 엄청 scientific함. 업무 분위기는 상식선에서 매우 자유로움.,회사 초창기 매우 불안정한 회사 시스템은 아직 자리잡지 못했다. 인사체계는 아직도 뭐가 뭔지 모르겠음ㅋㅋ 복지는 이것 저것 챙겨주려하지만 직원들 간의 개인격차가 너무 심해서 누구 하나 만족하지 못하는 상황. 그리고 뭔가 챙겨주려면 욕안먹게 챙겨줘라.,각자 자기 맡은 일을 열심히 했으면 좋겠음.
날 괴롭힌 삭제된 댓글,에이비엘바이오(주),2019. 08,,,,,
날 괴롭힌 삭제된 댓글,에이비엘바이오(주),2019. 08,,,,,
날 괴롭힌 삭제된 댓글,에이비엘바이오(주),2019. 08,,,,,
날 괴롭힌 삭제된 댓글,에이비엘바이오(주),2019. 08,,,,,
2.5,(주)엠투엔,2022. 08,2점,"""신입들은 금방 퇴사하는 분위기 대리과장급이 너무 많아요""",연차 15일인데 맘껏 사용 가능하고 조식 중식 석식 제공되어 돈드는 일이 거의 없습니다,사원이나 주임에 비해 대리과장의 비율이 매우 높아서 진급이 침체 되있는 것 같다.,다녔던 입장에서 좋은 추억도 많았습니다.
2.5,(주)엠투엔,2022. 06,3점,"""첫회사로는 괜찮지만 고졸인 경우 연봉이 제자리""",칼퇴근 아무도 터치안하고 6시되기전에 다들 퇴근 지문 찍을 준비한다.,"신규사원들 대부분이 고졸이였고 대우가 나빠 대부분이 일정시간이 지나면 퇴사하여 중간관리자는 없고 과장,대리급만 많이 있음 숙련된 사원들은 대부분 나가서 팀원들이 고생함",기술원 출신 친구들 대우를 잘해주길 바랍니다.
2.5,(주)엠투엔,2022. 06,4점,"""워라벨만큼 휴가만큼은 보장 된 회사.
해외여행 갈 땐 정말 좋았다.""","연차 사용은 비교적 자유
조식,중식,석식 다 제공
사원들이 운동 할 수 있게 1층 배드민턴 탁구 즐길 수 있음
운동비 지원, 명절비,생일 축하비등 여러가지로 신경 씀","장점에 쓴 각종 지원비가 너무 적어 안 준 것만 못함
솔직히 놀리는것 같음
이상 발생 시 책임을 안 지려고 함 타 부서끼리 헐 뜯음","회사가 잘 나아가는 것 같은데 이탈자가 많으면 직원들 좀 신경 써주길 ....
사람들이 회사 사옥 이전 후 막 나가는데 신경 안 쓰는것 같아 무슨 생각인지 모르겠음"
2.5,(주)엠투엔,2022. 05,4점,"""워라벨은 좋으나 연봉이 생각보다 적어서 조금 힘들었다.""","업무강도가 그리 높지않은편이며 워라밸이 좋다고 생각된다
직원 복지도 좋은편이다",다른건 다 만족하는데 다른 직종에 비해 연봉이 적은 편이다,다 만족하는데 적은 연봉부분만 해결되면 좋을 것 같습니다
2.5,(주)엠투엔,2022. 02,1점,"""돈벌로왔는데 쥐꼬리만한 월급에 알바를하거나 투잡을 해야하는 회사""","연차 풀소진해야함 워라밸 좋아하는 사람으로선 장점인데
요즘은 돈아닌가? 몇개라도 남겨서 돈벌면 좋잖아?
요즘 사회에선 나만 돈돈 거리는거 아닐껄 갈수록 비싸지는 물가 감당 가능?","월급이 알바보다 안줘서 여자친구 사귀면 파산
차사면 할부만 값으면 끝 자취생은 절대 못들어오면 안됨
대리까지 월급이 일반 중소기업 사원 월급임 연봉들으면 통수가 얼덜 할꺼임",알바못한 못한 연봉 지금 물가미친듯이 오르는데 연봉부터좀 고칩시다
2.5,(주)엠투엔,2022. 08,2점,"""신입들은 금방 퇴사하는 분위기 대리과장급이 너무 많아요""",연차 15일인데 맘껏 사용 가능하고 조식 중식 석식 제공되어 돈드는 일이 거의 없습니다,사원이나 주임에 비해 대리과장의 비율이 매우 높아서 진급이 침체 되있는 것 같다.,다녔던 입장에서 좋은 추억도 많았습니다.
2.5,(주)엠투엔,2022. 06,3점,"""첫회사로는 괜찮지만 고졸인 경우 연봉이 제자리""",칼퇴근 아무도 터치안하고 6시되기전에 다들 퇴근 지문 찍을 준비한다.,"신규사원들 대부분이 고졸이였고 대우가 나빠 대부분이 일정시간이 지나면 퇴사하여 중간관리자는 없고 과장,대리급만 많이 있음 숙련된 사원들은 대부분 나가서 팀원들이 고생함",기술원 출신 친구들 대우를 잘해주길 바랍니다.
2.5,(주)엠투엔,2022. 06,4점,"""워라벨만큼 휴가만큼은 보장 된 회사.
해외여행 갈 땐 정말 좋았다.""","연차 사용은 비교적 자유
조식,중식,석식 다 제공
사원들이 운동 할 수 있게 1층 배드민턴 탁구 즐길 수 있음
운동비 지원, 명절비,생일 축하비등 여러가지로 신경 씀","장점에 쓴 각종 지원비가 너무 적어 안 준 것만 못함
솔직히 놀리는것 같음
이상 발생 시 책임을 안 지려고 함 타 부서끼리 헐 뜯음","회사가 잘 나아가는 것 같은데 이탈자가 많으면 직원들 좀 신경 써주길 ....
사람들이 회사 사옥 이전 후 막 나가는데 신경 안 쓰는것 같아 무슨 생각인지 모르겠음"
2.5,(주)엠투엔,2022. 05,4점,"""워라벨은 좋으나 연봉이 생각보다 적어서 조금 힘들었다.""","업무강도가 그리 높지않은편이며 워라밸이 좋다고 생각된다
직원 복지도 좋은편이다",다른건 다 만족하는데 다른 직종에 비해 연봉이 적은 편이다,다 만족하는데 적은 연봉부분만 해결되면 좋을 것 같습니다
2.5,(주)엠투엔,2022. 02,1점,"""돈벌로왔는데 쥐꼬리만한 월급에 알바를하거나 투잡을 해야하는 회사""","연차 풀소진해야함 워라밸 좋아하는 사람으로선 장점인데
요즘은 돈아닌가? 몇개라도 남겨서 돈벌면 좋잖아?
요즘 사회에선 나만 돈돈 거리는거 아닐껄 갈수록 비싸지는 물가 감당 가능?","월급이 알바보다 안줘서 여자친구 사귀면 파산
차사면 할부만 값으면 끝 자취생은 절대 못들어오면 안됨
대리까지 월급이 일반 중소기업 사원 월급임 연봉들으면 통수가 얼덜 할꺼임",알바못한 못한 연봉 지금 물가미친듯이 오르는데 연봉부터좀 고칩시다
2.5,(주)엠투엔,2022. 01,4점,"""개발자라면 그래도 많은 기회를 얻을 수 있습니다...""","출퇴근버스, 생일 상품권, 삼시세끼 다주고 연차 눈치 없음",다른 기업에 비해서 연봉이 낮다는 말을 많이 듣긴 합니다,지금처럼 잘해주셨으면 좋겠습니다. 워라밸도 좋고 직원들도 편하고
2.5,(주)엠투엔,2022. 01,1점,"""경력 인정받기 어려움 군대안가고 산업체할생각이면 추천""",연차 왠만하면 잘쓰게해줌 사생활 거의 터치없음 일하는시간 외 신경잘안씀,"팀마다 다르긴한데 2팀정도 힘듬 지금은 같이하는지 모르겠는데 dicing 하는팀 , 세라믹 연구개발 하는팀 두팀중 한팀걸리면 힘들다봐야함
연봉 최저",연봉좀 올려주세요 신입연봉이면 차라리 알바를하는게 이득임.. 눈치안보고
2.5,(주)엠투엔,2021. 11,1점,"""생각 없이 다니기엔 좋음.
심각하게 적은 연봉, 무능한 경영진""","일이 널널할땐 자유롭게 연차 사용 가능

엄청 바쁠때 아니면 거의 칼퇴근함

아침에 간단하게 라면이나 계란후라이,토스트 먹을수있게
구비되어있음+중식,석식 제공","심각하게 적은 연봉
-돈 욕심 조금이라도 있으면 절대 오면 안됨
연봉이 정말 답도 없게 적음

경영진이 답이 없음
- 원가절감한다고 쓰레기 가지고 양품을 만드려함
오히려 외부업체에 사서 쓰는거보다 비용이 더나오는듯함
- 직원을 개로 아는 마인드 때문에 숙련된 직원들 다나가는데도
깨닫는게 없는 꽉막힌 경영진","쓸때 없는곳에 투자하지말고 현재 제품 품질향상이나
제대로 했으면.

연봉 쥐꼬리만큼 주면서 인원은 자꾸 적어지는데에도
인원 뽑아달라하면 뭐가 힘드냐고 의심부터 하는 못된 버릇
안고차면 애딸린 직원들 빼고 다나감~
숙련된 직원? 어림도 없지"
2.5,(주)엠투엔,2021. 11,1점,"""공무원같이 워라밸만 챙기시고 싶으신 분들께 추천드립니다.""","연차 눈치안보고 쓸수있음, 09~18시 근무시간이 확실함, 기숙사 제공","내가 무슨 일을 하는지 모르겠음, 쓸데없는 잡무가 많음, 관리자들의 전문성이 없음, 팀마다 업무강도가 너무 천차만별임, 업무지원팀이 지원을 못함",너무 고인물이 많은 느낌이고 회사 자체가 막혀있는 느낌이라 유연하고 젊은 회사가 되면 좋겠습니다
2.5,(주)엠투엔,2021. 10,2점,"""직원들 때문에 다니는 회사.
경영진 때문에 퇴사하는 회사.""","1. 워라밸 괜찮은편
2. 간단한 아침, 점심, 저녁 제공
3. 직원들 친절함
4. 기숙사 제공 ( 회사랑 4km거리)","1. 낮은 연봉 - 동종 업계중 최저연봉인듯함
2. 알수없는 경영진 마인드 - 직원들 퇴사하는 이유를 알지도 않고, 알고싶지도 않은듯
3. 회사 위치 - 너무 용인 외각쪽에 있음","최근 회사 사옥 이전으로 많은 직원들이 대거 퇴사했는데, 무엇때문에 퇴사를 했는지 직원들이 어떤점을 원하는지 알아줬으면 합니다."
2.5,(주)엠투엔,2021. 05,3점,"""급여가 생각보다 적지만 근무환경은 그리 니쁘지 않은 기업""","다양하게 일을 배울수있음
하지만 신입사원은 해당안됨
어느 정도 연차가 쌓이면 가능함","다양하게 일을 배울수있지만 더 많을 일을 하게 됨으로
일하는 사람 따로 노는 사람 따로 비효율적으로 일을 하게됨
협력해서 해야되는일을 안함","회사에 좀 더 관심이 있다면 많은 직원들이 나가지 않았을꺼라 판단됨
퇴사예정자를 잡아봐야 소용이 없음"
2.5,(주)엠투엔,2021. 05,3점,"""충분히 경험해볼만한 회사이며 사람들이 나름 좋은 회사이다.""","연차 쓰고싶으면 쓸수있음
본인 하는일만 잘하면 딱히 문제없음
나름 자유로움","연봉이 상당히 낮음
통근버스는 있지만 출퇴근이 자유롭지 못함
자차가 없으면 반차도 쓰기힘듬
복지가 그렇게 좋지않음",합리적인 복지와 연봉을 올려줬으면 합니다.
2.5,(주)엠투엔,2021. 03,3점,"""반도체 검사 프로브카드제조회사로서 발전가능성 좋음.""","혼자 열심히 효율적으로 일하면 일은 할만함.
신사옥으로 이전하여 깨끗함","임원진이 자기팀의 직원에게 관심이 별로없음.
연봉은 오르기는하나.. 말안해도 알듯",업무평가를 제대로해서 노는사람과 열심히일하는사람 구별좀하길..
2.5,(주)엠투엔,2020. 12,2점,"""육체적으로는 힘들지 않으나 그 만큼 연봉이 작은 회사""","조식, 중식, 석식 다 회사에서 해결 가능
하는 일이 육체적으로 힘든 것이 없고 일이 없으면 연차 사용이 자유로운 편임",연봉이 낮아서 신입이 들어오면 오래 버티지 못하고 나가서 대리 이상 직급만 쌓이고 있음,계약직만 뽑으려고 하지 말고 회사에 남아있는 사람을 좀 더 챙기면 좋겠음
2.5,(주)엠투엔,2020. 08,2점,"""근무 환경은 자유로운 편이나 낮은 연봉인상률이 단점인 회사""","복장 등 근무 환경이 자유로운 편, 중식 석식 제공해줌","비합리적인 업무평가, 낮은 연봉인상률, 체계가 없다고 느껴질때가 많음",임원들이 아닌 직원들을 위한 의사결정이 이루어지길 바람
2.5,(주)엠투엔,2020. 07,3점,"""여러가지 업무를 동시에 해야 한다. 연봉은 짠 편이다.""","연차 사용 자유, 휴일 근무에 대한 대체 휴무 있음, 일하는 것은 자유로움",수당 그런거 없음. 갑자기 일이 진행되는 게 많아서 정신없는 경우가 많음.,"임원과 직원간에 소통이 별로 없음. 소통할 수 있는 기회가 많았으면 좋을 꺼 같은데
그런 창구가 없습니다."
2.5,(주)엠투엔,2020. 07,3점,"""프로브 카드라는 다소 생소한 반도체 제품을 만들고 있습니다.""","편안한 분위기, 편안한 복장, 다소 수평적 직급체계(부바부),","회사 이전으로 거리가 멀어짐
주말출근, 야근 은근히 많음
팀간의 의사소통 원활하지 않음","임원들이 조금더 직원들에대한 관리가 필요할것으로 판단됨
직원들의 불만이 무엇인지 들을 필요가 있다고 봄"
2.5,(주)엠투엔,2020. 02,3점,"""그냥 편하게 일하기 좋음, 크게 기대 안하는게 좋은 것 같음""","20대 사람들이 많음, 점심 저녁이 나옴, 통근 버스가 있음","20대 사람들이 많음, 점심 저녁이 나옴, 너무 외진 곳",경영진에게 크게 바라는 점은 잘 모르겠다.
2.5,(주)엠투엔,2019. 12,2점,"""군대식 문화
야근 및 특근 강요
야근, 특근비 지급""","야근, 특근비 지급
심야 퇴근시 택시비지원
대중교통과의 인접성","일에 대한 체계성 부족
야근 및 특근 강요
군대식 문화","경영진의 관심 부족
윗물이 맑아야 아랫물도 맑음"
2.5,(주)엠투엔,2019. 12,1점,"""그저그런 중소기업입니다. 다른 비숫한 규모의 중소기업과 비슷한것 같습니다.""","특별한 장점은 없습니다. 일이 없으면 야근이 없지만, 주문이 한번에 들어오면 야근을 시킵니다. 일량에 대한 관리가 안됩니다. 아무생각없이 다니가는 좋은 것 같ㅅ급니다.","경영진과 임원진들이 무관심하며, 특별히 잘하는 것도 못하는 것도 없습니다. 특별히 하는 것이 없으니 기대감이 없습니다.",직원들의 불만이라도 들어줬으면 합니다. 아무것도 안합니다. 임원들끼리만 잘 놀아요
2.5,(주)엠투엔,2019. 10,3점,"""근무 시간 외 보장이 잘 되어있습니다.
일 잘 하는 사람을 좋아합니다.""","연차를 눈치 안 보고 쓸 수 있고
기숙사 제공 식비를 주고 월급이 밀리지 않음","반도체라서 보다 외진 곳에 위치하고 있음
상대적 위치가 안좋음","신규 사업에 적극적인 투자를 바랍니다
협력사의 한계가 존재합니다"
2.5,(주)엠투엔,2019. 05,1점,"""능력없지만, 줄 잘 타면 진급하는 회사""","윗사람들끼리(임원, 부장) 근무시간 중간에 골프치러 갈 정도로 여유있는 회사. 근무시간 중간에 개인적인 일 보는게 가능함. 케이스바이케이스로 사람 평가하기 때문에 윗사람한테 잘보이면 장땡","1시간 이상의 미팅시간, 사내 정치질 심함, 임원이 제대로 된 평가 할 줄 모름. 인사평가 기준 없음. 체계 없이 성장한 회사라서 회사내규 적용 또한 적용 대상에 따라 다름. 임원이 답정너 스타일. 본인이 모든걸 결정하고 업무담당자 의견은 반영이 잘 되지 않음.",직원들의 불만을 귀담아 들어주길 바람. 숲을 보고 회사를 이끌어나가길.
2.5,(주)엠투엔,2019. 04,3점,"""협력업체의 한계를 보여주는 대표적인 기업, 고객사의 말이 곧 법인 회사""","월급 밀림이 없어 안정적이고 사람들은 대부분 착한편, 주변에 역과 가깝고 상관이 붙어있어 먹거리 걱정 없음",하이닉스 협력업체로서 고객의 목소리는 엄청 귀 기울이면서 정작 본사 사람들은 안중에 없음 거기다 회사가 합병하여 윗 사람들만 늘어 신입이 살아가기엔 너무 가혹함.,하이닉스만 신경쓰지말고 본사사람들을 더 챙겨주길 바람
2.5,(주)엠투엔,2018. 11,4점,"""근무시간외의 시간이 보장 되는곳.
업무강도도 다른회사 생산에 비해 힘들지 않고 유연한 편.
복지는 조금씩이지만 나아지는게 눈에 보임.""","근무외에 자기 개발 시간이 많이 확보. 자기가 마음먹으면 공부 할수 있음.
원룸 지원, 타 중소기업에 비해 월급 및 복지가 투명.
열심히 하는 많은 보상은 어느정도 따라옴.","열심히 하는 직원과 업무가 없는 직원의 업무강도가 뚜렷하게 차이가 남.
어느정도 보수적인 사내문화(타 중소기업에 비해 낫다고 봄)",크게 잘못된 것은 없는 것 같다. 다만 인원들의 적절한 업무 분배는 필요할 것 같다.
2.5,(주)엠투엔,2018. 11,2점,"""업무강도, 연차사용, 사내 분위기 등은 보통이나 자기개발의 가능성은 없음. 임원들이 경영과 인사등의 관리운영은 관심이 없음. 업무 분담과 시스템이 없어 비효율적으로 일하고 회사합병후 내부는 점점 후퇴하고 있음. 무관심하고 무능한 임직원들이 많아 발전 가능성이 의심됨.""",반도체 관련 프로브카드 제작으로 다른 업체에 비해 매출이 나쁘지는 않음. 딱히 특별한 장점은 없음.,"경영 및 인사등의 관리운영는 조선시대 수준, 회사내 소통이 없으며 관리직들의 무능함이 방치되고 있음. 몇몇 열심히 일하는 사람들의 열정페이를 이용하는 임원과 관리직들이 많고, 더 많아 지고 있음.",내실을 다져서 발전할 수 있는 변화가 필요함을 임원들과 관리자들이 인식할 필요가 있다. 그러나 소통도 없고 변화의 의지도 없어서 잘 안될 것 같다.
2.5,(주)엠투엔,2018. 10,3점,"""(일 잘하는) 사람을 좋게 봐주는 기업으로 생각합니다.""","자유로운 근무와 직원간의 유대가 좋아요
근무환경도 괜찮으나 일 떠밀기가 조금 있는 것 같습니다.
육체적으로 힘든 일은 없습니다.",친목에 들지 못하면 조금 소모품으로 생각하는 성향이 있음,"좋은 인재가 좋은 회사를 만듭니다.
내부에 신경을 써주셨으면 합니다."
2.5,(주)엠투엔,2018. 10,3점,"""프로브 카드 제조회사로 꾸준한 투자 및 개발이 이루어지는 곳""",연차사용 시 윗사람 눈치 안보고 쓸수 있음 / 개방적인 분위기,다양한 업무에 대해 접할 수 있는 기회가 적음 / 업무특성상 어쩔수 없으나 긴급상황시 갑작스러운 야근이 있다,사원들에 대한 관심과 적극적인 투자의지 복지부분에 대한 증가가 이루어졌으면 좋을것같다
2.5,(주)엠투엔,2018. 09,4점,"""Probe Card 시장에서
매년 성장하는 회사
다음이 기대되는 회사""","Probe Card 시장에서
매년 성장하는 회사
내년이 기대되는 회사","한개의 품목에 대한 매출만 있음
매출을 올릴 수 있는 다양한 제품군 개발 필요","같이 성장하는 회사를 만들어 주세요
회사 성장과 함께
직원들 복지제도도 많이 만들어 주세요"
2.5,(주)엠투엔,2018. 04,2점,"""업황에 패턴이 있어 불황기에 많이 어렵다. 업무는 편하나 급여가 적다.""",업무 강도 자채는 굉장히 널널한 편이다. 비교적자유롭게 일할 수 있다.,"연차 쓰기가 어렵다. 급여가 굉장히 낮은 편이고, 갑작스럽게 주말이나 철야가 생기는 경우가 있다. 회사 위치가 굉장히 외지다.","매출 자체가 많이 정체되어있고, 순이익이 지속적으로 떨어지는 점이 문제"
2.5,(주)엠투엔,2018. 02,3점,"""괜찮습니다. 사람도 좋고 다좋은데 연봉이 적고 보람을 느끼지는 못하고 윗선의 실력이 의심스러운 기업.""",자유롭고 회사 문화가 좋다. 또 일은 힘들지 않아서 편하다,업무체계가 비효율적이며 말도안되는 윗선의 지시로 과장들이 힘들어한다,너무 이상적으로만 생각하지말고 직원들을 봐줬으면 합니다.
2.2,인콘(주),2022. 09,3점,"""복지도 나름의 여러가지 복지를 제공하고 있음
월급은 안 밀리는 상황임""","연차 자유롭고 월급은 안 밀ㅣ는 상황임
복지도 나름 여러가지 복지가 있음",개인적으로 개발자가 회사에서 포지션이 애매한 상황임,사업적으로 최신트렌드에 맞췄으면 하는 바람은 잏ㅈ음
2.2,인콘(주),2022. 08,2점,"""회사 비즈니스를 오래 담당한 직원이 많다. 모르면 물어볼 개발자들이 많음""",연차를 눈치 안보고 당일에서 사용할 수 있음. 자기 일만 잘하면 터치도 없다,팀바팀으로 문서작업이 많을 수도 있다. 연봉이 어어어어어엄청 낮은 편,부서간 유동적인 연계를 할 수있는 환경을 구성하는게 필요한거 같다
2.2,인콘(주),2022. 08,1점,"""낮은연봉, 많은 업무량으로 인한 스트레스 향상!""","월급 안밀린다, 자유로운 복장가능, 팀원 분위기 좋고 착하심, 업무 상황봐서 칼퇴가능, 회사가 깔끔한편, 출퇴근시간 좋음","장점빼고 다 단점이라고 생각하시면 됩니다. 샌드위치 없음, 낮은 연봉에 비해 업무량 많고, 그로인해 업무 스트레스 향상되고, 복지부족으로 인하여 일할 의욕 떨어짐. 워라벨이 없다.",직원들의 불만을 듣지만 말고 해결책을 마련해줬으면 합니다
2.2,인콘(주),2022. 07,1점,"""일 안하는게 현명한 회사. 일부 직원만 일해서 버티는 회사..""","라땐 통장잔고가 빵빵했었지... 하지만 대주주가 바뀌고, 영업부장이 먹튀하고..",일을 안하려고 함. 진심 다들 일을 안하는게 정상인 회사..,일하는 직원이 인정받는 회사. 업무량에 대한 불합리 개선
2.2,인콘(주),2022. 06,1점,"""정치를 배울 수 있는 곳, 팀 바이 팀을 확실히 느낄 수 있는 곳.""","팀에 따라 다르겠지만 연차는 자유롭게 사용 가능.
일 적은 팀은 일을 별로 안해도 별 말이 없음.","일 많은 팀은 계속 일이 많음. 연봉이 오르지 않음.
야근 안하면 눈치 보임.
일이 있든 없든 야근하면 일 잘하는 사람.",밑에 사람들에게 연봉을 좀 많이 주세요. 일에 치여 너무 힘듭니다.
2.2,인콘(주),2022. 09,3점,"""복지도 나름의 여러가지 복지를 제공하고 있음
월급은 안 밀리는 상황임""","연차 자유롭고 월급은 안 밀ㅣ는 상황임
복지도 나름 여러가지 복지가 있음",개인적으로 개발자가 회사에서 포지션이 애매한 상황임,사업적으로 최신트렌드에 맞췄으면 하는 바람은 잏ㅈ음
2.2,인콘(주),2022. 08,2점,"""회사 비즈니스를 오래 담당한 직원이 많다. 모르면 물어볼 개발자들이 많음""",연차를 눈치 안보고 당일에서 사용할 수 있음. 자기 일만 잘하면 터치도 없다,팀바팀으로 문서작업이 많을 수도 있다. 연봉이 어어어어어엄청 낮은 편,부서간 유동적인 연계를 할 수있는 환경을 구성하는게 필요한거 같다
2.2,인콘(주),2022. 08,1점,"""낮은연봉, 많은 업무량으로 인한 스트레스 향상!""","월급 안밀린다, 자유로운 복장가능, 팀원 분위기 좋고 착하심, 업무 상황봐서 칼퇴가능, 회사가 깔끔한편, 출퇴근시간 좋음","장점빼고 다 단점이라고 생각하시면 됩니다. 샌드위치 없음, 낮은 연봉에 비해 업무량 많고, 그로인해 업무 스트레스 향상되고, 복지부족으로 인하여 일할 의욕 떨어짐. 워라벨이 없다.",직원들의 불만을 듣지만 말고 해결책을 마련해줬으면 합니다
2.2,인콘(주),2022. 07,1점,"""일 안하는게 현명한 회사. 일부 직원만 일해서 버티는 회사..""","라땐 통장잔고가 빵빵했었지... 하지만 대주주가 바뀌고, 영업부장이 먹튀하고..",일을 안하려고 함. 진심 다들 일을 안하는게 정상인 회사..,일하는 직원이 인정받는 회사. 업무량에 대한 불합리 개선
2.2,인콘(주),2022. 06,1점,"""정치를 배울 수 있는 곳, 팀 바이 팀을 확실히 느낄 수 있는 곳.""","팀에 따라 다르겠지만 연차는 자유롭게 사용 가능.
일 적은 팀은 일을 별로 안해도 별 말이 없음.","일 많은 팀은 계속 일이 많음. 연봉이 오르지 않음.
야근 안하면 눈치 보임.
일이 있든 없든 야근하면 일 잘하는 사람.",밑에 사람들에게 연봉을 좀 많이 주세요. 일에 치여 너무 힘듭니다.
2.2,인콘(주),2022. 05,3점,"""위치가 역세권이며 건물이 깔끔하고 생활하기 좋다. 다만, 업무에 있어 효율성이 높지는 않다.""",역에 가까우며 직원분들이 좋다. 건물도 깔끔하여 생활하기 좋다. 회의실도 넓어서 회의하기 좋았다.,"사내 프로세스, 프로그램, 체계 없으며 중소기업이다보니 성장의 한계가 보인다. 연령대가 높아 어린 사람들에게는 조금 부담스러울 수도 있다.","직원분들을 향한 관심과 애정을 보여주세요, 복지도 늘려주시면 더 좋겠어요, 퇴사율이 높아서 아쉬웠습니다."
2.2,인콘(주),2022. 04,2점,"""늘 하던일 그대로 변함없이 하던곳... 퇴사하는사람이 많았던곳
앞으로 발전이 보이지않던곳""",연차는 자유로운편이고 복지포인트와 야근시 저녁비 지원 정도?,영업에 너무 휘둘려서 연구소에서는 아무것도 할수없었음..,신규사업을 위해 적극적으로 추진하는 모습을 보여줬으면 합니다
2.2,인콘(주),2022. 04,3점,"""보안장비 제조회사에서 H/W는 ODM 사용하고 S/W 는 직접 개발하는 회사
통합관리시스템 프로그램이 있는 회사""",중국산 저가에 H/W를 빨리 포기하고 S/W 및 SI로 빠르게 전환한 회사,이전 창업 대표때 부터 경영진들이 인력관리가 잘 안하고 회사,"빠른 변화에 맞쳐 가는건 좋으나, 기존인원 관리도 좀 잘 해 주었으면 합니다."
2.2,인콘(주),2022. 04,3점,"""개발자나 엔지니어에 대한 대우가 박한편.
그래서 쓸만한 인력은 금방 나감.
그래서 박한 대우를 받는 인력들이 그만큼의 능력을 발휘.""","연차는 눈치 안 봄.
업무 스킬 낮음.
적당히 하면서 적당히 벌고 싶은 사람에겐 괜찮을 듯.","전자 결재 없고, 대면 서류 결재.
최근 청담으로 이사.
배울건 없음.
연봉 짬.","신사업에 대한 고민이 필요합니다.
임원들의 연봉까진 모르겠지만, 비싼 법인차량을 타고 법카를 정말 마음껏 누리는데
그걸 직원들한테 나눠주면 쓸만한 직원들이 좀 남아 있을 수도 있습니다.
미래에 투자하시기 바랍니다."
2.2,인콘(주),2022. 03,4점,"""생각보단 유연하게 하고싶은 방식으로 일을 진행해 볼 수 있음
내가 하는 부분을 존중받으면서 일할 수 있음
누군가에겐 장점이자 단점일텐데 아주 조용한 분위기임""","휴가: 쉬는건 눈치 안봐도 됨, 내 업무에 지장만 없다면 상관없음
복지: 나름 체단실도 있고 교육비도 지원되고 생일선물도 주고 명절 선물도 나오고 아주 특별한건 아녀도 줄건 다 주는듯
분위기: 존중하는 분위기고 팀마다 다르겠지만 의견도 잘 내고 업무에 있어서도 하고싶은 걸 해볼 수 있어서 좋았음","야근이 거의 없긴한데, 야근수당이 없음
대신 주말수당이 있긴함
급여가 같은 업종의 다른곳에 비하면 비교적 낮은 편","유연한 성과제로 인재를 놓치지 않았으면 좋겠음
기준을 정하는건 중요하지만 기준에만 얽매여서 몇년차, 몇년짜리대학 이런거로만 급여가 정해진다면 공무원과 다를 바 없고 결국 돈만 보고 이직하는 사람이 늘어나게 되는듯"
2.2,인콘(주),2022. 02,1점,"""밖에선 좋아보이지만 실상 내부에서는 너무 안 좋으며 점점 침몰하는 분위기""","워라밸은 어디보다도 좋다고 얘기 할수있음
연차는 눈치 안 보고 정말 잘 쓸수 있음
이것저것 복지포인트 등이 있음","최악의 연봉 인상률
점심값이 6천원 (요즘 어디가도 기본 7천원인데)
고인물 투성임 사원 주임 대리급이 진짜 없음
역피라미드 구조",할줄 알아야 아는 업무는 많은데 연봉은 그렇게 주면 누가 버티고 있을까요
2.2,인콘(주),2022. 02,2점,"""업무적인 발전을 하기 매우 힘든 상하구조임
장기 근속자가 많아 그들에 의해 좌지우지 되는 경우가 있음
수기 결재로 인해 업무 효율성 떨어짐""","복지포인트 연간 150만원 상당
이외엔 딱히 모르겠다....","역피라미드 구조로 승진 해도 의미 없음
연차 눈치주며 연차 사유를 캐물음
인사고과없이 전사 연봉인상률 동일하여 열심히 하는사람이 손해임","복지 및 보상체계 마련이 시급합니다
전자결재 도입이 시급합니다"
2.2,인콘(주),2022. 01,1점,"""고여가며 망해가는 회사. 발전 가능성 1도 없고 연봉도 짬""",월급 안 밀림. 회사가 돈은 많았음 그걸 임금이나 복지에 안썼을뿐,그외 전부다. 대리들 보다 부장 차장이 더 많음. 말그대로 고여가며 발전할 생각을 안함. 야근을 많이해야 일 잘하는 줄 암,위가 개판인데 밑이 바뀌겠습니까?? 지금은 제가 근무했을때 있었던분 거의 없을껀데... 어디가서든 아래사람을 그렇게 대하지 마세요.
2.2,인콘(주),2022. 01,4점,"""다양한 개발 경험을 쌓을 수 있고 코스닥 상장사이고 일하기 편함.""","코스닥 상장사. 연차 편하게 쓸수 있고 도서구입비, 교육 수강 지원. 휴일근무수당 나옴. 야근근무 시 식대제공, 택시비 지원.",개발자 경력대비해서 연봉이 낮음. 웹 개발 Java쪽 PM이 없어 자기계발 하면서 기술 터득해야함.,연구소쪽 Java PM을 채용해 개발자들이 성장할 수 있는 환경을 만들어 줬으면 좋겠습니다.
2.2,인콘(주),2022. 01,3점,"""나름 괜찮았음. 연봉은 불만
직원들과의 끈끈한 정은 있음""","의료비와 식대 지원이 있음
이쁘고 멋진 로비를 가지고 있음","연봉이 너무 낮은게 흠임.
생활이 어려워 질수가 있음.","지금은 모르겠지만, 적극적인 투자가 절실함.
그리고 직원들의 연봉을 올려주었으면 함"
2.2,인콘(주),2021. 11,3점,"""개발자가 대우받지 못함..직원 간의 대우나 관계는 좋은편이지만 연봉인상 수준이 최하임(개발자 기준)""","연차 눈치 안 보고 쓸 수 있음
웬만한 기본적인 복지는 거의 있는 듯 함(개인별 복지카드(선불카드) 있음)
회사 인테리어가 이쁨
개인적으로는 전반적인 분위기가 괜찮다고 생각함 나름 직원들 챙겨주려고 하는듯..?",직장인에게 제일 중요한 연봉 인상률!!!!이 너무너무 짬..첫 연봉 협상(통보)때 너무너무 충격먹었음..그리고 경영팀 몇몇분들 좀 까칠하심..이건 개인적인 생각이 아니고 아마 다른 직원분들도 느낄거라 생각함,제발 다른거 신경쓰지말구 직원들 연봉에 신경 좀 써주세요..직원 입장에선 매년 오르는 연봉이 진짜진짜 중요합니다.
2.2,인콘(주),2021. 10,1점,"""자유롭게 기획할 수 있는 분위기가 되지 않음
고인물이 엄청많고 역피라미드 구조
연봉 매우 적음
인재를 놓치는줄 모름""","코스탁 상장인 것?
회사 로비가 넓은 것
구로디지털단지가 교통이 좋은 것","사업부서는 열심히 일하려고 해도 경영부서 쪽에서 감놔라 배놔라 함
그런데 경영부서가 성과급 잔치하고 연봉 제일 높음","발전하지 않는 회사는 미래가 없다
사업을 키우려면 경영부서가 이래라 저래라 하면 안됨"
2.2,인콘(주),2021. 10,3점,"""대체적으로 기업은 중소치곤 잘 보장해주려 하는 편 같습니다.""",업무의 각 담당자가 정해져 있어 편했고 기본적인건 잘 지켜지는 편,"몇몇 분위기 흐리는 사람들이 존재, 나까지 멍청해지는 기분",짜를 사람은 짜르시고 지킬 사람은 지켜주세요. 그러다가 지켜야 할 사람들을 놓치게 됩니다.
2.2,인콘(주),2021. 10,3점,"""회사가 연구개발 투자를 잘 안함.급여가 낮음 연차 자유""","연차를 눈치 없이 쓸수 있음
회사환경이 깨끗
복지 포인트를 줌 얼마 안되지만
코스닥 상장","복지제도가 별로..
경영진이 바뀐 이후로..구조조정 심각","제품 개발에 투자를 하시고..
사람을 소중하게 생각하시고..
바이오 투자만 하지 마시길.."
2.2,인콘(주),2021. 07,2점,"""너무 심한 역피라미드형 구조. 심하게 고여있는 느낌""","상장사라서 기업규모를 중요시하는사람에겐 장점일듯.
복지카드 지급","1.극단적인 역피라미드구조. 연령대가 너무 높음. 중간에 들어온 사람이 적응 하기 어려운 분위기인 것 같다.
2.부하직원에게 비속어 사용하는 사람도 있었음.
3.팀바팀이지만 퇴근 눈치보임.
4.사원,주임급이 책임져야 할 일이 너무 많음.",딱히 없다. 그냥 알아서 잘 운영 하시면 될듯.
2.2,인콘(주),2021. 07,1점,"""연차 눈치 안보고 쓰는것 말고는 장점이 없는 사내정치가 심한 회사.""","연차나 휴가를 눈치 안보고 사용 가능하고, 야근이 거의 없음.","매년 연봉 동결에 사내정치질에 영업의 입김이 쎄서 영업 위주로 회사가 돌아가고 있고
요즘에는 사업을 하도 늘려놔서 내가 다니고 있는 회사가 무슨 일을 하는 회사인지 조차 헷갈립니다. 고인물 천지 정말 고인물들이 너무 많아서 역피라미드 구조",정치질 하는 군대식 꼰대 회사 이미지를 완전히 없앨수는 없겠지만 주먹구구식으로 이것저것 필요없는 사업 늘리고 돈만 생각하지말고 직원들을 잘 보살필줄 아는 회사가 되길 바랍니다.
2.2,인콘(주),2021. 06,3점,"""기업규모가 중소기업치고 크고
한국 자체 기술력으로 많은 지자체에 서비스 중""","연차 소진 다 할수 있음
입구 로비가 정말 예쁨
100명이 넘는 중소기업","연차사용시 이유를 말해야 함 = 자유롭지 않음
영업팀 영향력이 아주 큼",좋은 인재를 뽑는데 그만한 급여를 지불 할 생각을 해야 함
2.2,인콘(주),2021. 06,2점,"""너무 많은것을 벌려두어 근본이 어디었는지 모르게 되는 중...""","워라밸은 챙겨짐, 자유로운 분위기로 서로 크게 터치하지 않음. 할 일만 잘 하면 된다",팀 각각이 회사내의 중소기업 같이 돌아감. 여러가지를 병행하다보니 생긴 현상으로 보임...,"가진 역량에 집중하는 모습을 보여줬으면 함, 근본을 다시한번 생각하여 사업의 다각화보단 집중을 하는게 어떨지..."
2.2,인콘(주),2021. 04,3점,"""좋은 회사이며, 개발인력들이 풍부 해서 미래가 기되됩니다.""",가족 같은 분위기로 즐겁게 회사 생활 할수있습니다. 왠만하면 다 적응 잘 할거에요.,"역삼각형 구조를 지니고 있으며, 사원 주임 대리 급이 많이 부족 합니다.
과장 차장 부장 윗 사람들만 많아 고된 업무를 할 수 있습니다.",경력직만 채용 하지 말고 신입들에게도 기회를.
2.2,인콘(주),2021. 04,3점,"""과거의 영광을 뒤로하고 경쟁업체에 점점 밀리는회사입니다.
그래도 나름 배울점은 있었다.""",자유로운 연차와 매달 복지포인트 10만원 그리고 야근시 저녁 지원 등,"회사의 대표가 여러번 바뀌는 과정에서 메인 개발자들이 많이 퇴사함
연봉도 낮음",시장에 뒤쳐지지않는 새로운 도전을 했으면 합니다. 연봉도 올리시고요
2.2,인콘(주),2021. 04,2점,"""상장사라는 메리트. 내부는 치열한 정치싸움. 줄서기를 잘해야 함""","상장사.
일이 많아서 개인 발전이 빠름.
다른 사람을 크게 신경쓰지 않음","정치력, 개인주의, 일에 치이는 삶, 인센티브 약속 안지킴",없음.............................
2.2,인콘(주),2021. 03,2점,"""연봉에 대한 처우가 너무 약합니다. 근로자들이 힘을 내서 근무할수 있는 환경이 아니에요""",월급은 제때 나온다. 상장기업이다. 하지만 적자가 있는 회사.,복지도 크게 없고 그냥 발전할려는 직원들의 의지도 없어보임,신규사업에 대한 투자가 아닌 현재 남아있는 직원들의 근로의역뷰터 키워주세요
2.2,인콘(주),2021. 02,2점,"""전체적으로 자유로운 분위기인 연구소와 그렇지 못한 다른 부서들""","연차는 눈치 보지 않고 마음대로 쓸수 있음
다른 곳 보단 수평적인 부분이 있음 (단 연구소 다른 부서만)
로비는 어디 회사와 비교해도 괜찮음","연봉이 현격히 적음
연봉 인상률 없다고 봐야할 정도
영업의 파워가 누구보다 쌤
어린 친구들이 오래 있기에는 솔직히 힘듦","그닥 바라는 점은 없음 솔직히 연봉으로 시작해서 연봉으로 끝나는 것 같음
그만큼 타 업체(?)보다 짬"
2.2,인콘(주),2021. 01,1점,"""도대체 무슨일을 하는 업체인지 모르겠다 본업이 무엇인지 헷갈리는 회사""",부서마다 다르지만 속한 부서에서는 자유로웠던 편이다. 연차도 눈치없이 썼던 것 같고 사람들도 괜찮은편,본업이 뭔지를 모르겠고 무슨 회사인지도 모르겠다 이상하게 주식에 집착해서 점점 미쳐돌아가는느낌,일한만큼 대우해주자 일 안하는 사람들도 진짜 많음
2.2,인콘(주),2020. 12,2점,"""나는 사원인데 업무 수준은 내가 모든 걸 책임져야함
상사는 왜 있는지 모르겠고 상사도 무능력 함""","연차는 눈치 안보고 쓸수있음
여러 다방면 물품들을 알 수 있음","모든 사람들이 재무팀 눈치를 엄청 보며,
업무시 내 개인핸드폰 사용 권장 및 카톡 단톡방 엄청 초대함
상사가 무능력 함 / 일하면서 배울게 하나도 없음","경영진이 문제가 아니라 업무 프로세스 문제라고 생각 함.
부서 자체가 스타트업 그자체고 나아질 기미가 전혀 없음
계속 이런식일 것 같음"
2.2,인콘(주),2020. 12,1점,"""답이 없다. 주위 사람들이 가려고 한다면 말리고 싶은 회사""","코스닥 회사, 복지가 좋은편 주위에 술 먹는 장소가 많다.",답이 없다. 주위 사람들이 가려고 한다면 말리고 싶은 회사,"적극적인 투자가 선행이 되어야 합니다.
복지도 더욱 좋아졌으면 합니다."
2.2,인콘(주),2020. 12,2점,"""회사가 정체되어 있다. 그것을 해결할 뭔가가 없다. 10년이상 다녔던 사람들이 회사와 함께 계속 다니고 사라지지 않을 수 있지만 그렇지 않고는 중간에 들어온 사람들이 성장도 뭐도 할 수 없다.""","이전에 벌어놨던 돈이 많아서 망할일은 없다.
점심 식대를 따로 준다","연봉을 인상할 생각이 없다.
차장 이상의 인력이 변할 일은 절대 없을 것이다.
중간에 들어온 사람들이 버티기 힘들다.",연봉을 인상할 생각이 없으시다면 계약직이라도 인력을 충원해서 사용하는것을 추천합니다.
2.2,인콘(주),2020. 11,5점,"""능력과 업무량에 따라 돈을 벌 수 있음.""","능력과 업무능력에 따라서 승진 및 연봉이 책정됨.
휴가가 좋음 신입이 2주 이상 휴가를 받음
회식의 경우 술 강요가 없으며, 점심 때 회식을 함","성과가 없으면 인간취급을 받지 못함
이건 글쓴이 뿐만 아니라 후입도 함께 들은 얘기임
각 부서의 인원이 부족하여 신입 교육 및 능력을 키울 수 있는 여지가 없음","없음
최고의 회사임
하지만 제발 신입교육은 제대로 시켜줬으면 함"
2.2,인콘(주),2020. 09,2점,"""서울에 있는 회사로서 나름 큰 기업이고 업계에서는 이름좀 있는 기업임""","샌드위치 날에는 무조건 휴일, 나름 철밥통으로 느껴졌음
별짓 안하면 안짤림, 회사에 돈이 많았었는데 현재는 어떻게 됬는지 모름",장점 빼고 다인듯 앞으로의 계획이 불투명 내가 잇는 부서에서는 발전 가능성이 보이지 않음 1년후 2년 후 제자리 걸음 할 듯하여 퇴사,말했던 복지라도 좀 해줬으면 좋겠음 경영진들과 그렇게 많은 교류가 있지 않아서 딱히 바라는 점은 없음
2.2,인콘(주),2020. 08,2점,"""현상 유지보수 정도라 사업의 미래 가능성이 낮다고 생각됨, 직원은 그냥 작은 부품 정도이고 언제든 바꿀 수 있는 존재로 대우하는 곳이라 지인이나 친구가 들어온다고 하면 절대 반대하고 싶은 곳""","연차를 업무에 지장이 없는 선에서 눈치 보지 않고 쓸 수 있음
할일만 끝나면 칼퇴
사우회가 있어서 작게 챙겨주는 부분들이 있음","전반적으로 업무 협의라는게 없는 분위기
조직개편 및 인사는 통보식
편 가르기가 있어서 불이익을 받을 수 있음
야근 수당 없음
연봉 동결
사원, 주임급이 거의 없고 퇴사율 높은듯",직원의 가치를 마음대로 정해서 입맛대로 조정하지 않았으면 합니다.
2.2,인콘(주),2020. 08,2점,"""전화 인터뷰1회, 면접진행 후 입사확정. 입사후 느낀점은 전체적으로 약간 무거운 분위기였음""","청결한 사내 시설 및 회사 위치가 나름 괜찮았으며, 직원들과의 소통도 나름 좋았다.","워라벨 불가능 하였으며 암묵적으로 야근이 많았었음
직원에 대한 복지도....",현재는 어떤지 모르겠지만 직원들의 복지에 좀더 많은 신경을 써주면 좋겠네요.
2.2,인콘(주),2020. 07,2점,"""월급은 꼬박꼬박나옴 미래가치가 없음 뭐하는회사일까 매번 의심이됨""",다소 자율적인 분위기가 강하며 연차눈치 이런건 없는 것 같음,야근수당안줌 최악임 이런곳은 처음봄 교통비지원해주는데 야근수당 안줌,적어도 기본은 했으면 좋겠다. 사실 무엇을 하는 업체인지 모르겠음
2.2,인콘(주),2020. 07,3점,"""신입분들은 다니기 좋아요. 경력 쌓고 이직하세요! 초봉치고는 나쁘지않아요. 회사가 안정적임""",회사가 안정적이고 월급꼬박꼬박 잘나옵니다. 연차 눈치없이 사용가능,실제로 배울수있는건 많지는 않아요. 스스로 계속 공부해야합니다,이야기한 복지가 지켜졌으면 좋겠습니다. 이상입니다.....
2.2,인콘(주),2020. 06,4점,"""부서에 따라 많이 다를 수 있지만, 맡은 일만 해낸다면 큰 스트레스없이 워라밸이 가능한 곳""","부서장이 생각이 유연하여 아래 직원들의 말에도 귀기울여주며, 수직적인 분위기가 아님","호봉제이다 보니, 능력이 좋아도 특진 등에 아무래도 어려움이 있으며 개개인에 따른 업무량 차이가 큰 느낌. 윗쪽이 능력이 만들어준 직급이 아닌 시간이 만들어준 직급이다 보니 다소 무능한 사람도 몇명있음",연봉인상을 좀 더 적극적으로 해줬으면 좋겠으며 인사평가를 더 적극 반영하여 기존 조직도에 머물지 말고 변화했으면 좋겠다. 윗 사람들의 무능함이 아래 직원들의 화를 부릅니다
2.2,인콘(주),2020. 06,3점,"""신입분들에게는 다니시기에는 좋은 기업입니다. 다만.....""","퇴근, 연차 사용에 대해서는 윗사람에게 눈치 보지 않습니다. 기본적인 복지도 나쁘진 않습니다.","진급에 대해서는 병목 현상으로 인해, 아랫사람들의 진급이 생각보다는 어렵습니다.",매년 어렵다는 얘기만하고 연봉이 잘 안오릅니다. 사기를 올려주기 위해서 직원들에게좀 배풀어 주세요.
2.2,인콘(주),2020. 06,5점,"""기본적으로 갖추어야 할 것들이 잘 갖추어진 회사
본인이 하기에 따라달림""","수평적인 분위기에 연차도 자유롭고 본인 업무만 잘하면
야근도없고 뭐라하지않음","회사의 사정에따라 간혹 연봉 동결되는 경우가 있음
팀별로 분위기가 상이",일을 안하는 사람들로인해 열심히하는 사람들이 더 고생하는것같습니다
2.2,인콘(주),2020. 06,2점,"""코스닥 상장회사로 규모가 큰편. 의료비 지원, 복지포인트 지급""","연차 쓰는게 비교적 자유로움
코스닥 상장회사
워라벨 보장된편","연봉이 낮음
사업운영을 위해 회사가 지원해주지 않으면서 매출이 잘나오기를 기대함
전체적으로 고인물이 많음","투자가 없으면 발전도 없다
발로뛰지 않아봤으면 책상에 앉아서 훈수두지 마라"
2.2,인콘(주),2020. 04,2점,"""연봉 낮음.... 제일 안좋음 ceo 뭐하는지 모르겠음""","샌드위치에 자기 휴가 소진하여 상사 눈치 안보고 쉴 수 있음.

7층 사용하여 뭔가 있어보임",연봉 정말 지극히도 낮음. 경력직 이런 버프 존재하지 않음. 여기서 뭘 배우는지 뭘 하는지도 모르겠음,복지혜택으로 주는 카드 돈도 조금 밖에 안줌 더 줬으면 좋겠음
2.2,인콘(주),2020. 03,1점,"""입사할 때 부터 지금까지 느낀건 쓸데없이 이쁜 로비 , 군대식 구조 , 야근부서 케바케 많이 갈림, 사원이 적고 부장급들 임원들만 우르르 몰려있는 요즘 어디에 돈을 그렇게 쓰는지 모르는 회사.""","로비 이쁨, 주변에 식당가 많음 그나마 마리오타워에서 좀 크게 들어가있음 그 이상으로 아무리 장점을 찾아볼래야 찾을수가 없음.","박봉,,박봉박봉박봉 그냥 박봉 다녀본 결과 연봉 인상률 5프로 안넘는듯, 샌드위치 데이날 쉬지만 개인연차 소진 ,소진하기 싫으면 나와서 일해라임, 연차 자유로운데도 있고 눈치보고 쓰는데도 있음 부서마다 다름 부바케 , 군대식 구조로 진짜 지나친 꼰대들 많고 일 안하는 고인물 천지라고 몸소 느꼈음. 정말 저 사람이 어떻게 저 직급에 월급을 받고 있는지 의문인 사람들도 있었음... 아 참 휴가도 연차 소진임 잔여연차 수당 x","매출이 자꾸 떨어지는데는 이유가 있고, 직원들 퇴사율이 많아지는건 신경도 안쓰고 계속 본업이 아닌 다른 돈놀이 쪽으로 궁리하지 마시고 직원 복지도 매년 갈수록 없애고 줄이고 있다는데 ... 남아 있는 사람들을 위해서라도 대우 해주세요"
2.2,인콘(주),2020. 02,2점,"""전 직원 수는 많지만 관리가 전혀 되지않는 회사""","연차를 윗사람 눈치 안 보고 쓸 수 있음, 점심 12 별도 제공, 야근 교통비 제공","부서의 체계가 안 잡혀있고, 누가 뭘 하는지 관리가 전혀 되지않음, 책임을 서로 미루고 엉망.
연봉이 너무 짬, 인상률 또한 작음",직원 관리가 필요. 인원 보충이 필요.
2.2,인콘(주),2020. 02,2점,"""본인 하는거에 따라 얻는게 많을수도 적을수도 있는 회사""","복지카드 지원, 월급 안밀림, 식비 지원, 자유로운 휴가 그 외에는 모르겠다","회사대표 바뀌고나서부터 방향을 잘못가고 있는것으로 판단이 되고
연봉이 낮음",진짜 일 잘하는 사람들과 정치질만 하는 사람들을 잘 구분하시길...
2.2,인콘(주),2020. 01,1점,"""연봉이 적고 일은 많고 야근은 당연시 하게 생각한다. 줄을 잘타야한다.""",딱히.. 샌드위치 데이로 인해 많이 쉴 수 있는날이 있음.,너무많음. 야근을 안하면 눈치를 봐야함. 개발자가 개발일과 기술지원 업무까지 해야함.,눈앞에 이익만 보지말고 넓고 미래를 봤으면 좋겠슴.
2.2,인콘(주),2020. 01,2점,"""개발자의 입지가 매우 좁은 곳, 팀에따라 개발자 사이에서도 이리치이고 저리치임. 돈 받으면서 기술 배우고 이직해야하는 학원임.""","식비 따로 지급, 주말 수당 존재, 연차는 눈치 안보고 쓸 수 있음(개발자 기준), 배울 기술이 많음","연봉 동결 자주남, 야근 수당 없음(포괄 임금제), 야근 많음, 주말도 출근 자주함, 인원에 비해 일이 많음, 대리 이하가 책임질 일이 너무 많음, 대리 이하가 의견 말하면 그 이상이 기분 나빠함.",사업 접는다고 나간인원 안뽑아주고 한참 지나서 접은 사업 다시한다고 하지 맙시다. 남은 인원들 원래도 일 많습니다.
2.2,인콘(주),2020. 01,2점,"""짜디 짠 급여. 공무원보다 더 안주한 임원들로 가득한 곳.""","수평적 분위기. 연차 사용, 복장 자유로움. 사무실이 넓은 편.",급여가 매우 짬. 10년 이상 근속한 고인물 임원들이 너무 많음.,철저한 능력 위주의 평가와 급여산정이 필요해보임. 공무원 마인드를 갖게 됨.
2.2,인콘(주),2020. 01,2점,"""연구소 제외 타팀들 모두 오래 다닌 직원들이 많고 사원 주임 급이 거의 없음 진급은 잘 되나 연봉은 제자리""",전체 회사 분위기는 프리함 특히 연구소는 프리 한 대신 이것 저것 언어를 알고 있어야함,"연봉 대비 많은 걸 요구 함
인사이동이 자주 있음
타사 대비 연봉이 짜다",딱히 바라는 건 없음 연봉 퍼센테이지가 높으면 좋지만 그럴 것고 아니고
2.2,인콘(주),2019. 12,2점,"""오래다닐회사는 못됨. 기본 6,7년 이상 일한사람들이 많아서 진급,연봉협상 뭐 이런거 거의 없다고 보면됨.""",연차 눈치안보고 쓸수있는거. 주변에 먹을데 많은거. 업무마다 다르지만 칼퇴보장. 생일자 챙겨주는거 정도?,"고인물들이 많아 변화를 굉장히 싫어함. 같은일을 두고도 어렵게 하는스타일임. 과장,부장급들이 많아서 실질적으로 대리,주임은 그냥 사원급임. 대리주임은 심지어 거의 없음. 교통편 불편함.","경영진은 2,3년에 한번씩 바뀌어 왔다는데 경영진이 문제가 아니라 지금 일하고 있는 사람들이 문제인것같음.. 이사람들이 바뀌지 않으면 어떤사람이 들어와도 오래는 못버팀. 결국 그사람들만 남아서 일하다 이회사는 없어질것같음."
2.2,인콘(주),2019. 12,3점,"""영업의 힘이 굉장히 강해 개발자로써 개발 업무 진행시 조금 버거운 경우가 있음""",갑작스러운 연차 사용을 한다 해도 부담감을 주지 않아 만족스러움,영업팀의 힘이 강해서 개발 업무 진행을 하다가 이것저것 수정하거나 대응 해주는것이 부담됨,개발업무에 있어 데드라인을 타이트하게 주는것이 아닌 충분한 회의와 의사소통을 통해 정하는것이 맞다고 생각됨
2.2,인콘(주),2019. 12,3점,"""복지가 점점 줄고 있고 매출이 좋지 않아 경영에 어려움이 있음""",대체로 수평적인 인사구조라 임원이라고 해서 크게 대우해줄 필요는 없고 복장이 자율이라 편하게 출퇴근 할 수 있음,"승진가능성도 거의 없고 발전 가능성도 거의 없음, 현재 매출이 좋지 않아 경영과 개인 발전은 거의 힘들다고 보여짐","새로운 사람 채용하는 것도 중요하지만 기존 직원들에게도 좀더 신경을 썼으면 좋겠음
복지나 개인 연봉은 전혀 오르지 않고 있음"
2.2,인콘(주),2019. 11,1점,"""영업의 파워가 굉장 합니다.
개발자에게는 추천하고 싶은 회사는 아닙니다.""","식대가 나온다는 점
소소하지만 복지는 있습니다.
그 이외에는 없습니다.","사내 정치가 너무 심하다.
친한 사람들끼리 그룹화 하는 경향이
많이 보인다.","경영진은 회사에 별 관심이 없는듯 합니다.

뵙기는 하늘에 별따기."
2.2,인콘(주),2019. 11,1점,"""이름만 상장사, 있어보이는 로비, 없는 워라벨, 피라미드 구조""","상장사.
있어보이는 로비에 무료 커피.
장비 투자.
복지는 없지만 복지 카드 존재(복지카드로 식대제공).
헬스장.","급이 피라미드 구조여서 아래 사원이 별로 없어 대부분 과장, 부장들이 대부분 , 과장이여도 막내가 될 수 있음.
하락세로 인한 미래 보장이 안됨.
팀마다 다르겠지만 본인 소속팀 야근강요.
상장사 회사라는 이름에 비하면 낮은 연봉.",아랫사람을 그리 생각하니 오래일하는사람만 오래다니고 그 아래사람들은 오래 머물지못하는겁니다
2.2,인콘(주),2019. 10,3점,"""적당히살고적당히모든게적당함에맞춰짐
미래에대한고민이있게됨""",연차나 나머지는 크게 눈치안보고사용 로비가이쁨 마리오타워에서 꽤 큼,"급여급여급여
집에돈많으면다녀보기좋음
너무돈이적음
나머지는그냥저냥복지가 결국돈이니",어느회사나힘들지않은회사는없지만그냥오래다녀볼만한느낌을주지는못함
2.2,인콘(주),2019. 09,3점,"""미래에 대한 비전은 없으나 그럭저럭 다닐만한 회사""","연차 눈치 안보고 쓸 수 있음, 교육비 지원, 월급 밀리지 않음","미래의 비전이 보이지 않음, 몇몇 사람들의 입김이 너무 강함",직원들의 다양한 의견을 자주 들었으면 좋겠음
2.2,인콘(주),2019. 07,3점,"""코스닥 상장기업으로 중소기업에 비해 규모 있는회사
대체적으로 자유로운 분위기 인것 같다.""","연차사용시 눈치를 주지않아 자유롭게 사용가능
수직적이기보단 수평적인 분위기를 지향,
점심 저녁 식대 지원되는 것도 맘에듬
정시출퇴근 가능","연봉이 동종업계에 비해 다소 적은편인 것 같음.
정시 출퇴근 가능이나 간헐적으로 예상못한 야근 가끔 발생
각 부서 책임자끼리의 업무소통이 원활하지 않음","사내 직원들간의 관계에 대해 조금 더 자세히 알고,
커뮤니케이션을 통해 원만한 업무협업이 이루어지도록
분위기 조성을 해주셨으면 함"
2.2,인콘(주),2019. 06,2점,"""과거 안정적인 재무상태가 장점이었으나 지금은 수많은 외부투자로 불안정함""","투자에 집중하니 본업에는 목숨걸지않음
적당히 분위기만 맞추고 버티는 직원과 딴 생각하는 직원이 많음","투자외의 부분에는 관리차원. 내부성장은 말로만
기존 사업부분 구성원에는 혁신, 도전, 로열티 이런 건 없슴",회사 경영진의 성격이 차익실현을 목적으로 하므로 기존 구성원과 괴리되어있슴.
2.2,인콘(주),2019. 05,1점,"""상장사 타이틀을 가지고 싶은 사람한테 좋은 회사 입니다.""",글쎄요....개발적으로도 배울게 없고...상장사라는 타이틀빼고는 장점이 없습니다.,CCTV회사인지 바이오 회사인지...기업의 기준이 없는 회사 입니다.,경영진 교체 이전에도 그렇고 이후에도 바라는게 있더라도 들어주지 않습니다.
2.2,인콘(주),2019. 05,1점,"""DVR의 영광을 버리지 못하고, 정체하고있음.
영업조직에 문제가 많고, 기술지원 안 됨""",상장기업. 상장기업. 상장기업. 상장기업. 상장기업.,"본인빼고 타인은 다 문제인 회사. 사내 정치적인 분위기와 이타적인 분위기
줄을 잘 서야 됨.","실력있는 사람이 인정받는 회사가 돼야 한다고 생각합니다.
듣기 좋은 얘기만 하는 사람은 경계하시길..."
2.2,인콘(주),2019. 05,1점,"""M&A된후로는 사업적.구조적으로 축소되고 비젼이 보이지않는거같다""",근태자유.복장자유.야근없슴 그외의 장점은 없는거 같다.,상당히 정치적이고 다들 짤리지 않기위해 고군분투를 하고 일부 직원들이 일하는 척을 상당히 하고 동료들을 험담한다.,남아잇는 직원들에 신경써주고 회사가 발전할수잇게 투자가 적극적으로 이뤄져야한다
2.2,인콘(주),2019. 05,2점,"""딱히 ...뭐라해야할지.. 바이오회사인가?투자를 그쪽으로""",팀 특성이 매우 다름. 어디 부서는 공무원급. 6시 칼퇴. 다른 부서는 등대,연봉 상당히 낮음. 급여애 비해 일 상당히 많이해야함. 희생을 해야함,합리적이지 않은 복지체계. 알 수 없는 급여체계. 내부적으로 시스템이 안정적이지 않은 체계.
2.2,인콘(주),2019. 04,2점,"""가족같지 않은 회사를 찾는다면 잘 찾아온 것임.
누가 뭐하는지 관심도 없는게 좋은 사람이라면 와서 버티기 좋음.""","주말에 출근하면 주말수당을 줌. 밤새면 연차안까고 리프레시 휴가 줬었음
생일에 문화상품권 줌","업무 체계없음
라인 잘 타야 살아남을 수 밖에 없는 구조. 일하는 사람만 갈리는 구조",어차피 안바뀔거 아니까 하던대로 하세요.
2.2,인콘(주),2019. 04,2점,"""특별한 업종이라 크고 있는 것 같음 (공공입찰 사업) 또한 회사가 넓음.""","상반기 하반기 10만원 영양제 영수증 올리면 줌.
1년에 40만원 복지카드 줌
회사가 깔끔하고 넓음
이런저런 투자를 많이함","복지가 한계가 있음, 언급한 것 이외에 없는 것 같음 또한 연봉이 픽스되어 있으며 적다고 느낌. 굉장히?",신규 사업 추진의 투자 의지를 보여 주었으면 좋겠다. 또한 연봉도 올리고 복지도 좋게 만들고 워라벨을 지켜 주자
2.2,인콘(주),2019. 02,2점,"""의사결정권자(사업부장)의 능력 부족, 관리자 마인드 부족""","업무강도가 높지 않음, 야근이 많지 않음, 비교적 자유로운 업무 분위기","책임소재를 윗선에서 절대 지지않고, 잘못하면 직원탓, 잘하면 자기탓
직원을 소모품으로 생각하고, 너무 쉽게 정리","직원들에게 회사의 애사심이 생기도록 전혀 노력을 하지 않음
책임자로서 책임지는 모습을 한번이라도 보여줬으면..."
2.2,인콘(주),2019. 01,3점,"""회사는 튼튼해서 대출은 잘됨. 야근도 비교적 자유로운 편. 그럭저럭 다닐만한 회사""",연차는 윗사람 눈치를 보지않고 자유롭게 쓸수 있는 편입니다. 팀마다 다르지만 야근을 강요하는것 같지는 않았습니다. 나름 괜찮습니다.,연봉 인상률이 다른 곳과 비교해서 너무 적은것 같습니다. 회사가 신기술 개발이 아닌 항상 유지보수 사업만 하려는 경향도 있는것 같습니다.,다른건 몰라도 연봉 인상률이 너무 적습니다...... 직원을 생각해주는 회사가 되었으면 합니다.
2.2,인콘(주),2018. 12,3점,"""그냥 다니기 괜찮음
발전이 있을꺼라고 생각한다면 다른곳 추천""","야근 없음, 급여 밀리지않음
복지가 좋음
샌드위치데이는 무조건 쉬게 함",M&A로 경영진이 바뀌어서 다들 각자 꿈꾸는 바가 다름,새로운 사업들이 잘되어서 지금 보다 더욱 발전하는 회사가 되길 바랍니다..
2.2,인콘(주),2018. 11,2점,"""매출만 나오면 그냥 저냥 무난한 회사...""",복지제도가 샌드위치 날에는 무조건 휴일이어서 그것만은 좋은 회사 그냥 그 휴일만 바라보고 살고있음..... 로비는 좋음,"윗 직급들이 많음, 그냥 저냥 무난한 회사 ... 경영진이 새로 들어왔는데 말햇던 복지가 지켜지지 않음 어디 투자한다는데 잘 모르겟음 소통 안됨....",흠..... 새로와서 별로 소통이 없음 윗단에서 뭘하는지 알수가 없음 어디 투자를 한다는데 어떤건지 모름.... 알수가 없음
2.2,인콘(주),2018. 09,2점,"""바이오에만 투자 하는 회사
개발에는 투자 하지 않는 회사""","한때는 잘 나가된 회사가
경영자가 바뀐후 급 망함 바이오 회사도 아니고..","개발에 투자 하지 않는다
회사가 어려우면 사람부터 짜른다","개발에 투자 새로운 먹거리를 찾으세요
바이오에만 투자 하지 마시고.."
2.2,인콘(주),2018. 08,2점,"""동종 업계에서 코스닥 상장기업 이름만 듣고 온사람들은 전부 후회하는기업""","샌드위치 휴가에 한번에 쉴 수 있으며 월급은 꼬박꼬박 밀리지않고 나옴
그리고 그냥 로비가 예쁜정도...","박한 연봉 이직해온 사람들의 말을 들어보면 이직을해도 전 연봉 그대로 오거나 거의 올리지 못하고 오는경우가 많음 또 임시공휴일로 남들 다 쉬는날에도
연차가 깎임",자기들만의 방식으로 해왔고 해올것으로 보이기에 위의 단점들이 개선될거라 예상되지않음
2.2,인콘(주),2018. 08,2점,"""부서에 따라 다르기는 하나 엽업의 파워가 셈.
일부 경영진의 독선적인 판단으로 주요 인재가 빠져나가고 있음.
인재를 중요하게 여기지 않고 소모품으로 생각함.""","급여는 빠지지 않고 잘나옴.
기존 제조업에서 탈피하여 새로운 시도를 많이하고 있음.","사내 정치가 있고, 정치를 할줄 알아야 편안하게 다닐 수 있음.
계속적인 인력유출로 경쟁력이 점점 떨어지고 있음.
코스닥 상장이전에는 분위기 좋았으나, 이후 정체 되어있고 분위기도 나빠짐.","여러 사람의 흘러가는 이야기를 듣는 것은 좋으나, 그것이 때로는 눈과 귀를 속이는 잘못된 이야기일수도 있습니다.
겉으로 보이는 것 보다는, 보이지 않은 부분도 섬세하게 살피는 해안도 필요해보입니다."
2.2,인콘(주),2018. 08,2점,"""외관상 깔끔해보이고 한눈에 볼때 인상적 이미지""",다른곳에서는 쉽게 찾아볼 수 없는 복지포인트 제도가 있음,회사 내에 높은 직급이 많음 팀마다 분위기가 크게 다름,"회사 전반적인 분위기 쇄신이 필요함, 경영진은 다른 팀에 관심이 없어보임"
2.2,인콘(주),2018. 08,1점,"""경영진이 직원들을 그다지 생각하지 않는 회사
친한 직원들끼리만 뭉치는 경우가많음""","야근을 많이 하는 분위기는 아니다
이것말고는 딱히 장점이랄게 ..","부장,과장이 너무 많다
야근수당이 없음
밑에 글에도 써 있지만 권고사직이 좀 있음","바라는점은 딱히없고
직원들 복지에 더 신경을 써주셨으면 좋을것 같네요"
2.2,인콘(주),2018. 06,3점,"""개인이 노력하면 나름대로 업무성취감 느낄수 있음
부서간 업무 커뮤니케이션이 잘 안 됨""","야근시 교통비 지원(교통비 따로 신청 안하면 만원지급함)
석식 지정 식당있음
같이 일하는 사람들은 양호
코나카드에 식대랑 복지포인트 충전으로 맘대로 쓸수있음","리조트 이용권 신청하면 된다는데 신청해서 써본적 없고 입사시 오제이티도 따로 안해서 회사 복지에 관해 정확히 알 수 없음 따로 사규 찾아서 읽어 봐야함
무슨 일을 하긴 하는데 책임지는 사람이 없음",시국이 시국인지라 회사 사정이 안좋은 것은 알겠지만 직원에 대한 복지나 급여인상등에 인색하지 않았으면 합니다
2.2,인콘(주),2018. 06,2점,"""회사? 잘모르겠고 그냥 팀마다 분위기 굉장히 다름..""",샌드위치날에 쉽니다 가장 좋은 장점 이자 유일함....,사원이 극 소수. 과장 부장이 이렇게 많은 회사 처음 봤다,.........바라는게 딱히 없다...권고 사직이 좀 있다
2.2,인콘(주),2018. 05,1점,"""개발자가 대우 받으면서 일할수 없고, 몇몇 개인이 회사의 자원을 개인의 개인사업처럼 비효율적으로 운여을 합니다.""",딱히 회사에 애사심이 있는 직원이 없어 회사의 불만을 얘기해도 별다른 눈치를 안봐도 됩니다.,5년뒤에는 없어질 회사 입니다. 회사에서 월급은 잘 지급되기 때문에 돈에 대한 고민은 미비하지만 5년뒤에도 생존할지는 미지수인 회사입니다.,"개발자가 대우 받으면서 일할 수 있는 공정한 직장문화를 만들어주세요, 의미 없을 것 같습니다."
2.2,인콘(주),2017. 08,2점,"""코스닥 상장 전에는 직원기반의 끈끈한 인맥과 기술력으로 잘나갔으나 코스닥 상장 후 제자리 걸음에... RND에 지속적인 투자없이 수익을 내고자 하는 기업.. 영업은 지들이 팔고 있는 제품에 대해서도 잘 모른다는게 함정..""",현금 보유량 많아 급여가 밀리거나 복지가 끊긴적이 없고... 은행신용이 높아 직원이 은행에서 대출 받을때 회사 신용도 보고 대출 막힌적 없이 잘 나옴.. 현금관련해서는 탄탄한 회사.,"1. 어느회사나 마찬가지겠지민 주요 요직에는 초창기 창립맴버(꼰대들) 가 진을 치고있고, 인원도 몇 안되는데 직원들이 아닌 자기네 위치와 이익을 위해 정치를 한다는 부분이 문제점임.
2. 신입사원이 들어와도 자기네 입맛에 안맞으면 쉽게 자르는 문화가 존재함
3. 직원들에게 투자없이 직원의 능력을 최대한 빨아먹기만 함","1. 직원들의 발전을 통한 회사의 발전을 전혀 생각하고있지 않음.
2. 어떻게하든 쥐어짜서 현금을 보유하려고함"
2.2,인콘(주),2017. 06,2점,"""회사가 직원에 대한 중요성을 모르며, 서로 살아 남기 위해 바쁘다.
경영진은 회사에 애사심이 적어보이며, 본인들의 이득만 생각함.""","현금 보유액은 높아서 월급이 밀리진 않음, 소기업이지만 외부적으로 보기에 문제 없을 정도로 ISO인증등 외형은 어느 정도 갖추고 있음","연봉 인상은 포기해야 할 정도로 힘들다는 소리만 하면서 복지는 점점 줄고 있다. 회사내 정치가 심하며, 소리소문 없이 인원정리를 단행하고 정치에 밀린 사람먼저 정리하는등 파벌이 심함.","직원들의 직언을 들을 수 있는 자세가 필요하며, 외형적인 면만 잘보이기 위해 그나마 복지 정책도 줄이거나 없애면 필요한 인재도 없어 질 것입니다."
2.2,인콘(주),2017. 05,4점,"""전문연구요원으로서는 괜찮았던 것 같습니다..""","휴가는 비교적 자유롭게 쓰는 편 입니다. 어느정도 열심히만 하면, 다른회사에 비해 야근이 심하지 않고 무엇보다, 야근을 해도 다음날 반차 연차 등으로 쉴수 있는게 맘에 들었음.",후반부에 지방출장을 자주가게 되어 그게 개인적으로 좀 스트레스 였다.,안양에 윈포넷으로 있을때가 좀더 좋았던 것 같기는 합니다..
